{"driver-list": ["3Com Switch"], "feature-list": [{"feature-name": "stp", "op-cmds": ["display mvrp running-status //done", "display stp brief //done", "display stp //done"]}, {"feature-name": "inventory", "op-cmds": ["display version //done", "display device //done", "display memory //done", "dir //done", "dir flash //done"]}, {"feature-name": "tacacs", "op-cmds": ["display hwtacacs scheme //done"], "dvt": {"node-type": "Legacy Device", "filter-criteria": {"device-type": ["3Com Switch"], "feature-name": ["tacacs"]}, "device-position": [{"parser": "Built-in Files/Network Vendors/HP/3Com Switch/display hwtacacs scheme [3Com Switch]", "variable": "total_schemes"}, {"parser": "Built-in Files/Network Vendors/HP/3Com Switch/display hwtacacs scheme [3Com Switch]", "variable": "server_table", "gb": true}, {"parser": "Built-in Files/Network Vendors/HP/3Com Switch/display hwtacacs scheme [3Com Switch]", "variable": "server_info"}]}}, {"feature-name": "vlan", "op-cmds": ["display vlan-group //done", "display vlan brief //done", "display vlan //done", "display port trunk //done"], "dvt": {"node-type": "Legacy Device", "filter-criteria": {"device-type": ["3Com Switch"], "feature-name": ["vlan"]}, "device-position": [{"parser": "Built-in Files/Network Vendors/HP/3Com Switch/display vlan brief [3Com Switch]", "variable": "vlans", "gb": true}, {"parser": "Built-in Files/Network Vendors/HP/3Com Switch/display vlan [3Com Switch]", "variable": "vlan_table"}, {"parser": "Built-in Files/Network Vendors/HP/3Com Switch/display vlan-group [3Com Switch]", "variable": "vlan_groups"}, {"parser": "Built-in Files/Network Vendors/HP/3Com Switch/display port trunk [3Com Switch]", "variable": "port_trunk", "gb": true}], "interface-position": [{"interface-type": "IPv4 Interface", "position": [{"parser": "Built-in Files/Network Vendors/HP/3Com Switch/display port trunk [3Com Switch]", "variable": "port_trunk.pvid", "gb": true}, {"parser": "Built-in Files/Network Vendors/HP/3Com Switch/display port trunk [3Com Switch]", "variable": "port_trunk.vlan_passing"}]}, {"interface-type": "Interface", "position": [{"parser": "Built-in Files/Network Vendors/HP/3Com Switch/display port trunk [3Com Switch]", "variable": "port_trunk.pvid"}, {"parser": "Built-in Files/Network Vendors/HP/3Com Switch/display port trunk [3Com Switch]", "variable": "port_trunk.vlan_passing"}]}]}}, {"feature-name": "sflow", "op-cmds": ["display sflow //done"], "dvt": {"node-type": "Legacy Device", "filter-criteria": {"device-type": ["3Com Switch"], "feature-name": ["sflow"]}, "device-position": [{"parser": "Built-in Files/Network Vendors/HP/3Com Switch/display sflow [3Com Switch]", "variable": "agent_ip"}, {"parser": "Built-in Files/Network Vendors/HP/3Com Switch/display sflow [3Com Switch]", "variable": "src_addr"}, {"parser": "Built-in Files/Network Vendors/HP/3Com Switch/display sflow [3Com Switch]", "variable": "collector_table", "gb": true}, {"parser": "Built-in Files/Network Vendors/HP/3Com Switch/display sflow [3Com Switch]", "variable": "port_table", "gb": true}], "interface-position": [{"interface-type": "IPv4 Interface", "position": [{"parser": "Built-in Files/Network Vendors/HP/3Com Switch/display sflow [3Com Switch]", "variable": "port_table.rate"}, {"parser": "Built-in Files/Network Vendors/HP/3Com Switch/display sflow [3Com Switch]", "variable": "port_table.status", "gb": true}, {"parser": "Built-in Files/Network Vendors/HP/3Com Switch/display sflow [3Com Switch]", "variable": "port_table.mode", "gb": true}, {"parser": "Built-in Files/Network Vendors/HP/3Com Switch/display sflow [3Com Switch]", "variable": "port_table.interval"}]}]}}, {"feature-name": "process", "op-cmds": ["display process memory //done", "display process cpu //done"], "dvt": {"node-type": "Legacy Device", "filter-criteria": {"device-type": ["3Com Switch"], "feature-name": ["process"]}, "device-position": [{"parser": "Built-in Files/Network Vendors/HP/3Com Switch/display process cpu [3Com Switch]", "variable": "cpu_utilization_5_mins", "gb": true}, {"parser": "Built-in Files/Network Vendors/HP/3Com Switch/display process cpu [3Com Switch]", "variable": "process_cpu_table"}, {"parser": "Built-in Files/Network Vendors/HP/3Com Switch/display process memory [3Com Switch]", "variable": "process_memory_table"}]}}, {"feature-name": "multicast", "patterns-to-match": [{"patterns": [{"mregex": "pim"}]}], "op-cmds": ["display pim neighbor //done", "display pim interface //done", "display multicast routing-table //done", "display multicast forwarding-table //done", "display igmp interface //done", "display igmp group //done"], "dvt": {"node-type": "Legacy Device", "filter-criteria": {"device-type": ["3Com Switch"], "feature-name": ["multicast"]}, "device-position": [{"parser": "Built-in Files/Network Vendors/HP/3Com Switch/display pim interface [3Com Switch]", "variable": "pim_intf", "gb": true}, {"parser": "Built-in Files/Network Vendors/HP/3Com Switch/display pim neighbor [3Com Switch]", "variable": "pim_nbr", "gb": true}, {"parser": "Built-in Files/Network Vendors/HP/3Com Switch/display igmp group [3Com Switch]", "variable": "igmp_groups", "gb": true}, {"parser": "Built-in Files/Network Vendors/HP/3Com Switch/display igmp group [3Com Switch]", "variable": "total_igmp_groups"}], "interface-position": [{"interface-type": "IPv4 Interface", "position": [{"parser": "Built-in Files/Network Vendors/HP/3Com Switch/display pim neighbor [3Com Switch]", "variable": "pim_nbr.mode", "gb": true}, {"parser": "Built-in Files/Network Vendors/HP/3Com Switch/display pim interface [3Com Switch]", "variable": "pim_intf.dr_address"}, {"parser": "Built-in Files/Network Vendors/HP/3Com Switch/display pim neighbor [3Com Switch]", "variable": "pim_nbr.dr_priority", "gb": true}, {"parser": "Built-in Files/Network Vendors/HP/3Com Switch/display igmp group [3Com Switch]", "variable": "igmp_groups.uptime"}]}]}}, {"feature-name": "ospf", "patterns-to-match": [{"patterns": [{"mregex": "ospf"}]}], "op-cmds": ["display ospf //done", "display ospf peer verbose //done", "display ospf peer //done", "display ospf interface //done", "display ospf lsdb summary //done"], "dvt": {"node-type": "Legacy Device", "filter-criteria": {"device-type": ["3Com Switch"], "feature-name": ["ospf"]}, "device-position": [{"parser": "Built-in Files/Network Vendors/HP/3Com Switch/display ospf interface [3Com Switch]", "variable": "ospf_interface_table", "gb": true}, {"parser": "Built-in Files/Network Vendors/HP/3Com Switch/display ospf lsdb summary [3Com Switch]", "variable": "link_state_database"}, {"parser": "Built-in Files/Network Vendors/HP/3Com Switch/display ospf peer [3Com Switch]", "variable": "ospf_peer_table"}, {"parser": "Built-in Files/Network Vendors/HP/3Com Switch/display ospf peer verbose [3Com Switch]", "variable": "area_id_paragraph", "gb": true}], "interface-position": [{"interface-type": "IPv4 Interface", "position": [{"parser": "Built-in Files/Network Vendors/HP/3Com Switch/display ospf [3Com Switch]", "variable": "interface_pargraph.cost", "gb": true}, {"parser": "Built-in Files/Network Vendors/HP/3Com Switch/display ospf [3Com Switch]", "variable": "interface_pargraph.state", "gb": true}, {"parser": "Built-in Files/Network Vendors/HP/3Com Switch/display ospf [3Com Switch]", "variable": "interface_pargraph.type"}, {"parser": "Built-in Files/Network Vendors/HP/3Com Switch/display ospf [3Com Switch]", "variable": "interface_pargraph.hello_time"}]}]}}, {"feature-name": "mpls", "patterns-to-match": [{"patterns": [{"regex": "mpls"}]}], "op-cmds": ["display mpls ldp peer //done", "display mpls ldp interface //done", "display mpls ldp discovery //done"], "dvt": {"node-type": "Legacy Device", "filter-criteria": {"device-type": ["3Com Switch"], "feature-name": ["mpls"]}, "device-position": [{"parser": "Built-in Files/Network Vendors/HP/3Com Switch/display mpls ldp interface [3Com Switch]", "variable": "mpls_intf_filter"}, {"parser": "Built-in Files/Network Vendors/HP/3Com Switch/display mpls ldp discovery [3Com Switch]", "variable": "mpls_table", "gb": true}, {"parser": "Built-in Files/Network Vendors/HP/3Com Switch/display mpls ldp interface [3Com Switch]", "variable": "mpls_intf_table", "gb": true}, {"parser": "Built-in Files/Network Vendors/HP/3Com Switch/display mpls ldp peer [3Com Switch]", "variable": "mpls_ldp_peer_table"}], "interface-position": [{"interface-type": "IPv4 Interface", "position": [{"parser": "Built-in Files/Network Vendors/HP/3Com Switch/display mpls ldp interface [3Com Switch]", "variable": "mpls_intf_table.status", "gb": true}, {"parser": "Built-in Files/Network Vendors/HP/3Com Switch/display mpls ldp interface [3Com Switch]", "variable": "mpls_intf_table.lam"}, {"parser": "Built-in Files/Network Vendors/HP/3Com Switch/display mpls ldp interface [3Com Switch]", "variable": "mpls_intf_table.transport_addr"}, {"parser": "Built-in Files/Network Vendors/HP/3Com Switch/display mpls ldp interface [3Com Switch]", "variable": "mpls_intf_table.hello_sent_rcv"}]}]}}, {"feature-name": "isis", "patterns-to-match": [{"patterns": [{"regex": "isis"}]}], "op-cmds": ["display isis statistics //done", "display isis peer //done", "display isis peer verbose //done", "display isis interface //done", "display isis lsdb //done"], "dvt": {"node-type": "Legacy Device", "filter-criteria": {"device-type": ["3Com Switch"], "feature-name": ["isis"]}, "device-position": [{"parser": "Built-in Files/Network Vendors/HP/3Com Switch/display isis interface [3Com Switch]", "variable": "interface_isis_table", "gb": true}, {"parser": "Built-in Files/Network Vendors/HP/3Com Switch/display isis peer [3Com Switch]", "variable": "peer_info"}, {"parser": "Built-in Files/Network Vendors/HP/3Com Switch/display isis statistics [3Come Switch]", "variable": "level_info"}, {"parser": "Built-in Files/Network Vendors/HP/3Com Switch/display isis peer verbose [3Com Switch]", "variable": "peer_infos", "gb": true}], "interface-position": [{"interface-type": "IPv4 Interface", "position": [{"parser": "Built-in Files/Network Vendors/HP/3Com Switch/display isis interface [3Com Switch]", "variable": "interface_isis_table.ipv4_state", "gb": true}, {"parser": "Built-in Files/Network Vendors/HP/3Com Switch/display isis interface [3Com Switch]", "variable": "interface_isis_table.mtu", "gb": true}, {"parser": "Built-in Files/Network Vendors/HP/3Com Switch/display isis interface [3Com Switch]", "variable": "interface_isis_table.dis"}, {"parser": "Built-in Files/Network Vendors/HP/3Com Switch/display isis interface [3Com Switch]", "variable": "interface_isis_table.type"}]}]}}, {"feature-name": "interface", "patterns-to-match": [{"patterns": [{"mregex": "interface"}]}], "op-cmds": ["display ipsec tunnel //done", "display ip interface //done", "display ip interface brief //done", "display interface //done", "display transceiver interface //done", "display interface brief //done"], "dvt": {"node-type": "Legacy Device", "filter-criteria": {"device-type": ["3Com Switch"], "feature-name": ["interface"]}, "device-position": [{"parser": "Built-in Files/Network Vendors/HP/3Com Switch/display interface [3Com Switch]", "variable": "interface_information"}, {"parser": "Built-in Files/Network Vendors/HP/3Com Switch/display interface brief [3Com Switch]", "variable": "intf_brief_table", "gb": true}, {"parser": "Built-in Files/Network Vendors/HP/3Com Switch/display ip interface [3Com Switch]", "variable": "intf_table"}, {"parser": "Built-in Files/Network Vendors/HP/3Com Switch/display ip interface brief [3Com Switch]", "variable": "intf_brief_table"}], "interface-position": [{"interface-type": "IPv4 Interface", "position": [{"parser": "Built-in Files/Network Vendors/HP/3Com Switch/display ip interface [3Com Switch]", "variable": "intf_table.intf_state"}, {"parser": "Built-in Files/Network Vendors/HP/3Com Switch/display interface [3Com Switch]", "variable": "interface_information.duplex"}, {"parser": "Built-in Files/Network Vendors/HP/3Com Switch/display interface [3Com Switch]", "variable": "interface_information.input_errors"}, {"parser": "Built-in Files/Network Vendors/HP/3Com Switch/display interface [3Com Switch]", "variable": "interface_information.output_errors"}]}]}}, {"feature-name": "bgp", "patterns-to-match": [{"patterns": [{"regex": "bgp"}]}], "op-cmds": ["display bgp peer ipv4 //done"], "dvt": {"node-type": "Legacy Device", "filter-criteria": {"device-type": ["3Com Switch"], "feature-name": ["bgp"]}, "device-position": [{"parser": "Built-in Files/Network Vendors/HP/3Com Switch/display bgp peer ipv4 [3Com Switch]", "variable": "bgp_router_id", "gb": true}, {"parser": "Built-in Files/Network Vendors/HP/3Com Switch/display bgp peer ipv4 [3Com Switch]", "variable": "local_as", "gb": true}, {"parser": "Built-in Files/Network Vendors/HP/3Com Switch/display bgp peer ipv4 [3Com Switch]", "variable": "total_peer"}, {"parser": "Built-in Files/Network Vendors/HP/3Com Switch/display bgp peer ipv4 [3Com Switch]", "variable": "peer_table", "gb": true}]}}]}