{"driver-list": ["Aruba WLC"], "feature-list": [{"feature-name": "general", "op-cmds": ["show cpuload //done", "show memory //done", "show version //done", "show netstat stats //done", "show ap association //done", "show ap database //done", "show ap database long //done", "show ap database summary //done", "show wlan ssid-profile //done"], "dvt": {"node-type": "Legacy Device", "filter-criteria": {"device-type": ["Aruba WLC"], "feature-name": ["general"]}, "device-position": [{"parser": "Built-in Files/Network Vendors/Aruba/Aruba WLC/show ap association [Aruba WLC]", "variable": "num_clients", "gb": true}, {"parser": "Built-in Files/Network Vendors/Aruba/Aruba WLC/show ap database summary [Aruba WLC]", "variable": "ap_database_summary", "gb": true}, {"parser": "Built-in Files/Network Vendors/Aruba/Aruba WLC/show cpuload [Aruba WLC]", "variable": "cpu_user", "gb": true}, {"parser": "Built-in Files/Network Vendors/Aruba/Aruba WLC/show ap association [Aruba WLC]", "variable": "total_num_single_band_clients"}]}}, {"feature-name": "inventory", "op-cmds": ["show inventory //done"], "dvt": {"node-type": "Legacy Device", "filter-criteria": {"device-type": ["Aruba WLC"], "feature-name": ["inventory"]}, "device-position": [{"parser": "Built-in Files/Network Vendors/Aruba/Aruba WLC/show inventory [Aruba WLC]", "variable": "system_serial"}, {"parser": "Built-in Files/Network Vendors/Aruba/Aruba WLC/show inventory [Aruba WLC]", "variable": "mac_address"}]}}, {"feature-name": "interface", "op-cmds": ["show ip interface brief //done", "show trunk //done", "show vlan //done"], "dvt": {"node-type": "Legacy Device", "filter-criteria": {"device-type": ["Aruba WLC"], "feature-name": ["interface"]}, "interface-position": [{"interface-type": "IPv4 Interface", "position": [{"parser": "Built-in Files/Network Vendors/Aruba/Aruba WLC/show ip interface brief [Aruba WLC]", "variable": "ip_intfs.intf", "gb": true}, {"parser": "Built-in Files/Network Vendors/Aruba/Aruba WLC/show ip interface brief [Aruba WLC]", "variable": "ip_intfs.admin"}, {"parser": "Built-in Files/Network Vendors/Aruba/Aruba WLC/show ip interface brief [Aruba WLC]", "variable": "ip_intfs.ip_addr"}, {"parser": "Built-in Files/Network Vendors/Aruba/Aruba WLC/show ip interface brief [Aruba WLC]", "variable": "ip_intfs.protocol"}, {"parser": "Built-in Files/Network Vendors/Aruba/Aruba WLC/show ip interface brief [Aruba WLC]", "variable": "ip_intfs.mask"}]}]}}, {"feature-name": "trunk", "op-cmds": ["show trunk //done", "show vlan //done"], "dvt": {"node-type": "Legacy Device", "filter-criteria": {"device-type": ["Aruba WLC"], "feature-name": ["interface"]}, "interface-position": [{"interface-type": "IPv4 Interface", "position": [{"parser": "Built-in Files/Network Vendors/Aruba/Aruba WLC/show trunk [Aruba WLC]", "variable": "trunk_ports.vlans_active", "gb": true}, {"parser": "Built-in Files/Network Vendors/Aruba/Aruba WLC/show trunk [Aruba WLC]", "variable": "trunk_ports.vlans_allowed", "gb": true}, {"parser": "Built-in Files/Network Vendors/Aruba/Aruba WLC/show trunk [Aruba WLC]", "variable": "trunk_ports.port", "gb": true}, {"parser": "Built-in Files/Network Vendors/Aruba/Aruba WLC/show trunk [Aruba WLC]", "variable": "trunk_ports.native_vlan", "gb": true}]}]}}, {"feature-name": "ntp", "patterns-to-match": [{"patterns": [{"regex": "ntp"}]}], "op-cmds": ["show ntp servers //done", "show ntp status //done"]}, {"feature-name": "multicast", "patterns-to-match": [{"patterns": [{"regex": "ip igmp proxy"}]}], "op-cmds": ["show ip igmp group //done", "show ip igmp interface //done"], "dvt": {"node-type": "Legacy Device", "filter-criteria": {"device-type": ["Aruba WLC"], "feature-name": ["multicast"]}, "device-position": [{"parser": "Built-in Files/Network Vendors/Aruba/Aruba WLC/show ip igmp group [Aruba WLC]", "variable": "igmp_groups"}], "interface-position": [{"interface-type": "IPv4 Interface", "position": [{"parser": "Built-in Files/Network Vendors/Aruba/Aruba WLC/show ip igmp interface [Aruba WLC]", "variable": "igmp_intfs.ip_addr", "gb": true}, {"parser": "Built-in Files/Network Vendors/Aruba/Aruba WLC/show ip igmp interface [Aruba WLC]", "variable": "igmp_intfs.snooping"}, {"parser": "Built-in Files/Network Vendors/Aruba/Aruba WLC/show ip igmp interface [Aruba WLC]", "variable": "igmp_intfs.igmp_proxy"}, {"parser": "Built-in Files/Network Vendors/Aruba/Aruba WLC/show ip igmp interface [Aruba WLC]", "variable": "igmp_intfs.vlan", "gb": true}]}]}}, {"feature-name": "lldp", "patterns-to-match": [{"patterns": [{"regex": "ap lldp profile"}]}], "op-cmds": ["show ap lldp neighbors //done"]}, {"feature-name": "spanning-tree", "patterns-to-match": [{"patterns": [{"regex": "spanning-tree"}]}], "op-cmds": ["show spanning-tree //done", "show spantree //done"]}, {"feature-name": "ospf", "patterns-to-match": [{"patterns": [{"regex": "router ospf"}]}], "op-cmds": ["show ip ospf database //done", "show ip ospf interface //done", "show ip ospf neighbor //done"], "dvt": {"node-type": "Legacy Device", "filter-criteria": {"device-type": ["Aruba WLC"], "feature-name": ["ospf"]}, "device-position": [{"parser": "Built-in Files/Network Vendors/Aruba/Aruba WLC/show ip ospf neighbor [Aruba WLC]", "variable": "ospf_nbrs"}], "interface-position": [{"interface-type": "IPv4 Interface", "position": [{"parser": "Built-in Files/Network Vendors/Aruba/Aruba WLC/show ip ospf interface [Aruba WLC]", "variable": "ospf_intfs.intf", "gb": true}, {"parser": "Built-in Files/Network Vendors/Aruba/Aruba WLC/show ip ospf interface [Aruba WLC]", "variable": "ospf_intfs.rid", "gb": true}, {"parser": "Built-in Files/Network Vendors/Aruba/Aruba WLC/show ip ospf interface [Aruba WLC]", "variable": "ospf_intfs.area_id", "gb": true}, {"parser": "Built-in Files/Network Vendors/Aruba/Aruba WLC/show ip ospf interface [Aruba WLC]", "variable": "ospf_intfs.state", "gb": true}, {"parser": "Built-in Files/Network Vendors/Aruba/Aruba WLC/show ip ospf interface [Aruba WLC]", "variable": "ospf_intfs.dr_id"}]}]}}, {"feature-name": "ha", "patterns-to-match": [{"patterns": [{"regex": "ha group-membership"}]}], "op-cmds": ["show ha ap table //done", "show ha heartbeat counters //done"]}]}