{"driver-list": ["Cisco WAAS"], "feature-list": [{"feature-name": "general", "op-cmds": ["dir //done", "show flash //done", "show memory //done", "show ntp status //done", "show processes cpu //done", "show processes memory //done", "show services summary //done", "show license //done", "show version //done"], "dvt": {"node-type": "Legacy Device", "filter-criteria": {"device-type": ["Cisco WAAS"], "feature-name": ["general"]}, "device-position": [{"parser": "Built-in Files/Network Vendors/Cisco/Cisco WAAS/show license [Cisco WAAS]", "variable": "license_table", "gb": true}]}}]}