{"driver-list": ["Cisco IOS Switch", "Cisco Router"], "feature-list": [{"feature-name": "general", "op-cmds": ["show clock", "show processes cpu", "show processes history", "show processes memory", "show history", "show version //done", "show environment //done", "show arp summary //done", "show protocols", "show logging", "show flash //done", "show module //done", "show module switch all//done"], "dvt": {"node-type": "Legacy Device", "filter-criteria": {"device-type": ["Cisco IOS Switch", "Cisco Router"], "feature-name": ["general"]}, "device-position": [{"parser": "Built-in Files/Network Vendors/Cisco/Cisco IOS/dir [Cisco IOS]", "variable": "dir_table"}, {"parser": "Built-in Files/Network Vendors/Cisco/Cisco IOS/dir [Cisco IOS]", "variable": "total"}, {"parser": "Built-in Files/Network Vendors/Cisco/Cisco IOS/dir [Cisco IOS]", "variable": "free"}, {"parser": "Built-in Files/Network Vendors/Cisco/Cisco IOS/show version [Cisco IOS]", "variable": "version", "gb": true}]}}, {"feature-name": "inventory", "op-cmds": ["dir //done", "show controllers", "show hardware", "show inventory //done", "show file systems"], "dvt": {"node-type": "Legacy Device", "filter-criteria": {"device-type": ["Cisco IOS Switch", "Cisco Router"], "feature-name": ["inventory"]}, "device-position": [{"parser": "Built-in Files/Network Vendors/Cisco/Cisco IOS/show inventory [Cisco IOS]", "variable": "inventory", "gb": true}]}}, {"feature-name": "interfaces", "op-cmds": ["show interfaces //done", "show interfaces counters protocol status", "show interfaces crb", "show interfaces description", "show interfaces stats", "show interfaces summary //done", "show interfaces status //done", "show interfaces status err-disabled //done", "show interfaces switchport //done", "show interfaces transceiver //BUG_CSCua29548", "show interfaces trunk //done", "show ip interface //done", "show ip interface brief", "show ip cache verbose flow //done", "show port-security //done"], "dvt": {"node-type": "Legacy Device", "filter-criteria": {"device-type": ["Cisco Router", "Cisco IOS Switch"], "feature-name": ["interfaces"]}, "device-position": [{"parser": "Built-in Files/Network Vendors/Cisco/Cisco IOS/show interfaces [Cisco IOS]", "variable": "intfs_table"}], "interface-position": [{"interface-type": "IPv4 Interface", "position": [{"parser": "Built-in Files/Network Vendors/Cisco/Cisco IOS/show interfaces [Cisco IOS]", "variable": "intfs_table.status", "gb": true}, {"parser": "Built-in Files/Network Vendors/Cisco/Cisco IOS/show interfaces [Cisco IOS]", "variable": "intfs_table.input_error", "gb": true}, {"parser": "Built-in Files/Network Vendors/Cisco/Cisco IOS/show interfaces [Cisco IOS]", "variable": "intfs_table.collisions", "gb": true}, {"parser": "Built-in Files/Network Vendors/Cisco/Cisco IOS/show interfaces [Cisco IOS]", "variable": "intfs_table.output_error", "gb": true}]}]}}, {"feature-name": "hsrp", "patterns-to-match": [{"patterns": [{"mregex": "^interface .+\\n\\s+standby"}]}], "op-cmds": ["show standby //done", "show standby all", "show standby brief", "show standby neighbor"], "dvt": {"node-type": "Legacy Device", "filter-criteria": {"device-type": ["Cisco IOS Switch", "Cisco Router"], "feature-name": ["hsrp"]}, "device-position": [{"parser": "Built-in Files/Network Vendors/Cisco/Cisco IOS/show standby [Cisco IOS]", "variable": "hsrp_groups", "gb": true}], "interface-position": [{"interface-type": "IPv4 Interface", "position": [{"parser": "Built-in Files/Network Vendors/Cisco/Cisco IOS/show standby [Cisco IOS]", "variable": "hsrp_groups.state", "gb": true}, {"parser": "Built-in Files/Network Vendors/Cisco/Cisco IOS/show standby [Cisco IOS]", "variable": "hsrp_groups.active_router", "gb": true}, {"parser": "Built-in Files/Network Vendors/Cisco/Cisco IOS/show standby [Cisco IOS]", "variable": "hsrp_groups.group"}, {"parser": "Built-in Files/Network Vendors/Cisco/Cisco IOS/show standby [Cisco IOS]", "variable": "hsrp_groups.standby_router", "gb": true}]}]}}, {"feature-name": "vrrp", "patterns-to-match": [{"patterns": [{"mregex": "^interface .+\\n\\s+vrrp"}]}], "op-cmds": ["show vrrp all", "show vrrp brief", "show vrrp //done"], "dvt": {"node-type": "Legacy Device", "filter-criteria": {"device-type": ["Cisco IOS Switch", "Cisco Router"], "feature-name": ["vrrp"]}, "interface-position": [{"interface-type": "IPv4 Interface", "position": [{"parser": "Built-in Files/Network Vendors/Cisco/Cisco IOS/show vrrp [Cisco IOS]", "variable": "interface.interface"}, {"parser": "Built-in Files/Network Vendors/Cisco/Cisco IOS/show vrrp [Cisco IOS]", "variable": "interface.group_id"}, {"parser": "Built-in Files/Network Vendors/Cisco/Cisco IOS/show vrrp [Cisco IOS]", "variable": "interface.priority"}, {"parser": "Built-in Files/Network Vendors/Cisco/Cisco IOS/show vrrp [Cisco IOS]", "variable": "interface.virtual_ip"}, {"parser": "Built-in Files/Network Vendors/Cisco/Cisco IOS/show vrrp [Cisco IOS]", "variable": "interface.active_ip"}, {"parser": "Built-in Files/Network Vendors/Cisco/Cisco IOS/show vrrp [Cisco IOS]", "variable": "interface.virtual_mac"}]}]}}, {"feature-name": "ip-sla", "patterns-to-match": [{"patterns": [{"regex": "ip sla"}]}], "op-cmds": ["show ip sla application", "show ip sla responder", "show ip sla authentication", "show ip sla statistics", "show ip sla history", "show ip sla summary"]}, {"feature-name": "vlan", "op-cmds": ["show vlan //done", "show vlan brief //done", "show vlan internal usage", "show vlan mtu", "show vlan summary"], "dvt": {"node-type": "Legacy Device", "filter-criteria": {"device-type": ["Cisco IOS Switch", "Cisco Router"], "feature-name": ["vlan"]}, "device-position": [{"parser": "Built-in Files/Network Vendors/Cisco/Cisco IOS/show vlan [Cisco IOS]", "variable": "vlan_detail", "gb": true}, {"parser": "Built-in Files/Network Vendors/Cisco/Cisco IOS/show vlan [Cisco IOS]", "variable": "vlan_intfs", "gb": true}]}}, {"feature-name": "ntp", "patterns-to-match": [{"patterns": [{"regex": "ntp"}]}], "op-cmds": ["show ntp associations", "show ntp config", "show ntp information", "show ntp packets", "show ntp status"]}, {"feature-name": "aaa", "patterns-to-match": [{"patterns": [{"regex": "aaa"}]}], "op-cmds": ["show aaa clients", "show aaa command handler", "show aaa local statistics", "show aaa local user lockout", "show aaa servers", "show aaa sessions"]}, {"feature-name": "snmp-agent", "patterns-to-match": [{"patterns": [{"regex": "snmp"}]}], "op-cmds": ["show snmp", "show snmp community", "show snmp contact", "show snmp location"]}, {"feature-name": "multicast", "patterns-to-match": [{"patterns": [{"regex": "ip multicast-routing"}]}], "op-cmds": ["show ip igmp groups //done", "show ip igmp interface //done", "show ip igmp membership all //done", "show ip mroute //done", "show ip mroute active //done", "show ip mroute count //done", "show ip pim interface", "show ip pim interface detail", "show ip pim rp mapping"], "dvt": {"node-type": "Legacy Device", "filter-criteria": {"device-type": ["Cisco IOS Switch", "Cisco Router"], "feature-name": ["multicast"]}, "device-position": [{"parser": "Built-in Files/Network Vendors/Cisco/Cisco IOS/show ip mroute [Cisco IOS]", "variable": "ip_mroute", "gb": true}, {"parser": "Built-in Files/Network Vendors/Cisco/Cisco IOS/show ip igmp membership all [Cisco IOS]", "variable": "members", "gb": true}, {"parser": "Built-in Files/Network Vendors/Cisco/Cisco IOS/show ip mroute active [Cisco IOS]", "variable": "groups", "gb": true}, {"parser": "Built-in Files/Network Vendors/Cisco/Cisco IOS/show ip mroute active [Cisco IOS]", "variable": "rates"}], "interface-position": [{"interface-type": "IPv4 Interface", "position": [{"parser": "Built-in Files/Network Vendors/Cisco/Cisco IOS/show ip igmp interface [Cisco IOS]", "variable": "igmp_interface.joins", "gb": true}, {"parser": "Built-in Files/Network Vendors/Cisco/Cisco IOS/show ip igmp interface [Cisco IOS]", "variable": "igmp_interface.igmp_querying_router", "gb": true}, {"parser": "Built-in Files/Network Vendors/Cisco/Cisco IOS/show ip igmp interface [Cisco IOS]", "variable": "igmp_interface.leaves", "gb": true}, {"parser": "Built-in Files/Network Vendors/Cisco/Cisco IOS/show ip igmp interface [Cisco IOS]", "variable": "igmp_interface.ip_address", "gb": true}]}]}}, {"feature-name": "lldp", "patterns-to-match": [{"patterns": [{"regex": "lldp"}]}], "op-cmds": ["show lldp entry *", "show lldp errors", "show lldp interface", "show lldp neighbors", "show lldp traffic"]}, {"feature-name": "spanning-tree", "patterns-to-match": [{"patterns": [{"regex": "^spanning-tree mode \\S+"}]}], "op-cmds": ["show spanning-tree //done", "show spanning-tree backbonefast", "show spanning-tree blockedports", "show spanning-tree bridge //done", "show spanning-tree inconsistentports", "show spanning-tree root //done", "show spanning-tree summary //done", "show spanning-tree uplinkfast", "show spanning-tree vlan //done", "show spanning-tree mst configuration //done"], "dvt": {"node-type": "Legacy Device", "filter-criteria": {"device-type": ["Cisco IOS Switch", "Cisco Router"], "feature-name": ["spanning-tree"]}, "device-position": [{"parser": "Built-in Files/Network Vendors/Cisco/show spanning-tree bridge address [Cisco IOS]", "variable": "address"}, {"parser": "Built-in Files/Network Vendors/Cisco/Cisco IOS/show spanning-tree [Cisco IOS]", "variable": "spanning_tree_summary", "gb": true}, {"parser": "Built-in Files/Network Vendors/Cisco/Cisco IOS/show spanning-tree [Cisco IOS]", "variable": "spanning_tree_vlans"}, {"parser": "Built-in Files/Network Vendors/Cisco/Cisco IOS/show spanning-tree [Cisco IOS]", "variable": "spanning_tree_intfs", "gb": true}, {"parser": "Built-in Files/Network Vendors/Cisco/Cisco IOS/show spanning-tree bridge address [Cisco IOS]", "variable": "address"}], "interface-position": [{"interface-type": "Interface", "position": [{"parser": "Built-in Files/Network Vendors/Cisco/Cisco IOS/show spanning-tree [Cisco IOS]", "variable": "spanning_tree_intfs.cost", "gb": true}, {"parser": "Built-in Files/Network Vendors/Cisco/Cisco IOS/show spanning-tree [Cisco IOS]", "variable": "spanning_tree_intfs.state", "gb": true}, {"parser": "Built-in Files/Network Vendors/Cisco/Cisco IOS/show spanning-tree [Cisco IOS]", "variable": "spanning_tree_intfs.instance"}, {"parser": "Built-in Files/Network Vendors/Cisco/Cisco IOS/show spanning-tree [Cisco IOS]", "variable": "spanning_tree_intfs.vlan_id"}, {"parser": "Built-in Files/Network Vendors/Cisco/Cisco IOS/show spanning-tree [Cisco IOS]", "variable": "spanning_tree_intfs.interface"}, {"parser": "Built-in Files/Network Vendors/Cisco/Cisco IOS/show spanning-tree [Cisco IOS]", "variable": "spanning_tree_intfs.role", "gb": true}, {"parser": "Built-in Files/Network Vendors/Cisco/Cisco IOS/show spanning-tree [Cisco IOS]", "variable": "spanning_tree_intfs.prio_nbr"}, {"parser": "Built-in Files/Network Vendors/Cisco/Cisco IOS/show spanning-tree [Cisco IOS]", "variable": "spanning_tree_intfs.type"}]}]}}, {"feature-name": "routing-general", "op-cmds": ["show ip traffic", "show ip route", "show ip route summary"]}, {"feature-name": "ospf", "patterns-to-match": [{"patterns": [{"regex": "router ospf \\d+"}]}], "op-cmds": ["show ip ospf //done", "show ip ospf database", "show ip ospf database database-summary //done", "show ip ospf interface //done", "show ip ospf neighbor //done", "show ip route ospf", "show ip ospf virtual-links", "show ip ospf statistics"], "dvt": {"node-type": "Legacy Device", "filter-criteria": {"device-type": ["Cisco IOS Switch", "Cisco Router"], "feature-name": ["ospf"]}, "device-position": [{"parser": "Built-in Files/Network Vendors/Cisco/Cisco IOS/show ip ospf database database-summary [Cisco IOS]", "variable": "process"}, {"parser": "Built-in Files/Network Vendors/Cisco/Cisco IOS/show ip ospf [Cisco IOS]", "variable": "ospf_process"}, {"parser": "Built-in Files/Network Vendors/Cisco/Cisco IOS/show ip ospf neighbor detail [Cisco IOS]", "variable": "ospf_neighbor", "gb": true}, {"parser": "Built-in Files/Network Vendors/Cisco/Cisco IOS/show ip ospf interface [Cisco IOS]", "variable": "ospf_interface", "gb": true}], "interface-position": [{"interface-type": "IPv4 Interface", "position": [{"parser": "Built-in Files/Network Vendors/Cisco/Cisco IOS/show ip ospf interface [Cisco IOS]", "variable": "ospf_interface.process_id"}, {"parser": "Built-in Files/Network Vendors/Cisco/Cisco IOS/show ip ospf interface [Cisco IOS]", "variable": "ospf_interface.cost", "gb": true}, {"parser": "Built-in Files/Network Vendors/Cisco/Cisco IOS/show ip ospf interface [Cisco IOS]", "variable": "ospf_interface.area_id", "gb": true}, {"parser": "Built-in Files/Network Vendors/Cisco/Cisco IOS/show ip ospf interface [Cisco IOS]", "variable": "ospf_interface.state", "gb": true}, {"parser": "Built-in Files/Network Vendors/Cisco/Cisco IOS/show ip ospf interface [Cisco IOS]", "variable": "ospf_interface.network_type"}]}]}}, {"feature-name": "eigrp", "patterns-to-match": [{"patterns": [{"regex": "router eigrp \\d+"}]}], "op-cmds": ["show ip eigrp accounting //done", "show ip eigrp interfaces //done", "show ip eigrp neighbors detail //done", "show ip eigrp topology //done", "show logging include EIGRP //done"]}, {"feature-name": "ospfv3", "patterns-to-match": [{"patterns": [{"regex": "router ospfv3 \\d+"}]}], "op-cmds": ["show ospfv3", "show ospfv3 database", "show ospfv3 interface", "show ospfv3 neighbor", "show ip route ospfv3", "show ospfv3 virtual-links", "show ospfv3 statistics"]}, {"feature-name": "isis", "patterns-to-match": [{"patterns": [{"regex": "router isis"}]}], "op-cmds": ["show isis neighbors //done", "show isis neighbors detail //done", "show isis database", "show isis topology //done", "show isis route", "show isis spf-log //done", "show isis statistics", "show clns interface //done", "show clns protocol //done", "show clns traffic //done"], "dvt": {"node-type": "Legacy Device", "filter-criteria": {"device-type": ["Cisco IOS Switch", "Cisco Router"], "feature-name": ["isis"]}, "device-position": [{"parser": "Built-in Files/Network Vendors/Cisco/Cisco IOS/show isis protocol [Cisco IOS]", "variable": "isis_protocol_process"}, {"parser": "Built-in Files/Network Vendors/Cisco/Cisco IOS/show isis topology [Cisco IOS]", "variable": "isis_table", "gb": true}, {"parser": "Built-in Files/Network Vendors/Cisco/Cisco IOS/show isis neighbors detail [Cisco IOS]", "variable": "isis_nbrs", "gb": true}], "interface-position": [{"interface-type": "IPv4 Interface", "position": [{"parser": "Built-in Files/Network Vendors/Cisco/Cisco IOS/show clns interface [Cisco IOS]", "variable": "clns_interfaces.protocol"}, {"parser": "Built-in Files/Network Vendors/Cisco/Cisco IOS/show clns interface [Cisco IOS]", "variable": "clns_interfaces.level_1_metric", "gb": true}, {"parser": "Built-in Files/Network Vendors/Cisco/Cisco IOS/show clns interface [Cisco IOS]", "variable": "clns_interfaces.circuit_type"}, {"parser": "Built-in Files/Network Vendors/Cisco/Cisco IOS/show clns interface [Cisco IOS]", "variable": "clns_interfaces.level_2_metric", "gb": true}]}]}}, {"feature-name": "rip", "patterns-to-match": [{"patterns": [{"regex": "router rip"}]}], "op-cmds": ["show ip rip database", "show ip rip neighbors", "show ip route rip"]}, {"feature-name": "bgp", "patterns-to-match": [{"patterns": [{"regex": "router bgp \\d+"}]}], "op-cmds": ["show bgp all summary //done", "show ip bgp", "show ip bgp community", "show ip bgp neighbors //done", "show ip bgp peer-group", "show ip bgp summary //done", "show ip route bgp", "show ip bgp rib-failure //done"], "dvt": {"node-type": "Legacy Device", "filter-criteria": {"device-type": ["Cisco IOS Switch", "Cisco Router"], "feature-name": ["bgp"]}, "device-position": [{"parser": "Built-in Files/Network Vendors/Cisco/Cisco IOS/show bgp all summary [Cisco IOS]", "variable": "router_identifier", "gb": true}, {"parser": "Built-in Files/Network Vendors/Cisco/Cisco IOS/show bgp all summary [Cisco IOS]", "variable": "local_as"}, {"parser": "Built-in Files/Network Vendors/Cisco/Cisco IOS/show ip bgp neighbors [Cisco IOS]", "variable": "bgp_nbrs", "gb": true}, {"parser": "Built-in Files/Network Vendors/Cisco/Cisco IOS/show ip bgp rib-failure [Cisco IOS]", "variable": "bgp_rib_failure"}], "interface-position": [{"interface-type": "IPv4 Interface", "position": [{"parser": "Built-in Files/Network Vendors/Cisco/Cisco IOS/show interfaces [Cisco IOS]", "variable": "intfs_table.crc", "gb": true}, {"parser": "Built-in Files/Network Vendors/Cisco/Cisco IOS/show interfaces [Cisco IOS]", "variable": "intfs_table.collisions", "gb": true}, {"parser": "Built-in Files/Network Vendors/Cisco/Cisco IOS/show interfaces [Cisco IOS]", "variable": "intfs_table.output_error", "gb": true}, {"parser": "Built-in Files/Network Vendors/Cisco/Cisco IOS/show interfaces [Cisco IOS]", "variable": "intfs_table.input_error", "gb": true}]}]}}, {"feature-name": "acl", "patterns-to-match": [{"patterns": [{"regex": "ip access-list"}]}], "op-cmds": ["show access-lists //done", "show ip access-lists //done", "show ip access-lists dynamic"], "dvt": {"node-type": "Legacy Device", "filter-criteria": {"device-type": ["Cisco IOS Switch", "Cisco Router"], "feature-name": ["acl"]}, "device-position": [{"parser": "Built-in Files/Network Vendors/Cisco/Cisco IOS/show access-list [Cisco IOS]", "variable": "acl_detail", "gb": true}], "interface-position": [{"interface-type": "IPv4 Interface", "position": [{"parser": "Built-in Files/Network Vendors/Cisco/Cisco IOS/show interfaces [Cisco IOS]", "variable": "intfs_table.crc", "gb": true}, {"parser": "Built-in Files/Network Vendors/Cisco/Cisco IOS/show interfaces [Cisco IOS]", "variable": "intfs_table.mtu", "gb": true}, {"parser": "Built-in Files/Network Vendors/Cisco/Cisco IOS/show interfaces [Cisco IOS]", "variable": "intfs_table.total_output_drops", "gb": true}, {"parser": "Built-in Files/Network Vendors/Cisco/Cisco IOS/show interfaces [Cisco IOS]", "variable": "intfs_table.reliability", "gb": true}]}]}}, {"feature-name": "bfd", "patterns-to-match": [{"patterns": [{"regex": "bfd"}]}], "op-cmds": ["show bfd drops", "show bfd map", "show bfd neighbors", "show bfd summary"]}, {"feature-name": "mpls", "patterns-to-match": [{"patterns": [{"regex": "mpls ldp"}]}], "op-cmds": ["show mpls interfaces //done", "show mpls ldp parameters", "show mpls ldp bindings", "show mpls ldp neighbor"], "dvt": {"node-type": "Legacy Device", "filter-criteria": {"device-type": ["Cisco Router"], "feature-name": ["mpls"]}, "device-position": [{"parser": "Built-in Files/Network Vendors/Cisco/Cisco IOS/show mpls interfaces [Cisco IOS]", "variable": "mpls_ints", "gb": true}], "interface-position": [{"interface-type": "IPv4 Interface", "position": [{"parser": "Built-in Files/Network Vendors/Cisco/Cisco IOS/show mpls interfaces [Cisco IOS]", "variable": "mpls_ints.tunnel"}, {"parser": "Built-in Files/Network Vendors/Cisco/Cisco IOS/show mpls interfaces [Cisco IOS]", "variable": "mpls_ints.bgp"}, {"parser": "Built-in Files/Network Vendors/Cisco/Cisco IOS/show mpls interfaces [Cisco IOS]", "variable": "mpls_ints.static"}, {"parser": "Built-in Files/Network Vendors/Cisco/Cisco IOS/show mpls interfaces [Cisco IOS]", "variable": "mpls_ints.operational", "gb": true}]}]}}, {"feature-name": "vrf", "patterns-to-match": [{"patterns": [{"regex": "ip vrf"}]}], "op-cmds": ["show ip vrf //done", "show ip vrf detail //done", "show ip vrf id", "show ip vrf interface //done"], "dvt": {"node-type": "Legacy Device", "filter-criteria": {"device-type": ["Cisco IOS Switch", "Cisco Router"], "feature-name": ["vrf"]}, "device-position": [{"parser": "Built-in Files/Network Vendors/Cisco/Cisco IOS/show ip vrf [Cisco IOS]", "variable": "show_ip_vrf_cmd"}, {"parser": "Built-in Files/Network Vendors/Cisco/Cisco IOS/show vrf[Cisco IOS]", "variable": "vrfs"}, {"parser": "Built-in Files/Network Vendors/Cisco/Cisco IOS/show ip vrf interface [Cisco IOS]", "variable": "intf_vrf"}], "interface-position": [{"interface-type": "IPv4 Interface", "position": [{"parser": "Built-in Files/Network Vendors/Cisco/Cisco IOS/show ip vrf detail [Cisco IOS]", "variable": "vrf.vrf_name"}, {"parser": "Built-in Files/Network Vendors/Cisco/Cisco IOS/show ip vrf detail [Cisco IOS]", "variable": "vrf.interfaces"}, {"parser": "Built-in Files/Network Vendors/Cisco/Cisco IOS/show ip vrf [Cisco IOS]", "variable": "show_ip_vrf_cmd.default_rd"}, {"parser": "Built-in Files/Network Vendors/Cisco/Cisco IOS/show ip vrf detail [Cisco IOS]", "variable": "vrf.import_rts"}, {"parser": "Built-in Files/Network Vendors/Cisco/Cisco IOS/show ip vrf detail [Cisco IOS]", "variable": "vrf.export_rts"}]}]}}, {"feature-name": "dhcp", "patterns-to-match": [{"patterns": [{"regex": "ip dhcp"}]}], "op-cmds": ["show ip dhcp binding", "show ip dhcp conflict", "show ip dhcp pool", "show ip dhcp show ip dhcp server statistics"]}, {"feature-name": "vtp", "patterns-to-match": [{"patterns": [{"regex": "vtp"}]}], "op-cmds": ["show vtp password //done", "show vtp status //done"], "dvt": {"node-type": "Legacy Device", "filter-criteria": {"device-type": ["Cisco IOS Switch", "Cisco Router"], "feature-name": ["vtp"]}, "device-position": [{"parser": "Built-in Files/Network Vendors/Cisco/Cisco IOS/show vtp password [Cisco IOS]", "variable": "vtp_password"}, {"parser": "Built-in Files/Network Vendors/Cisco/Cisco IOS/show vtp status [Cisco IOS]", "variable": "vtp_domain"}, {"parser": "Built-in Files/Network Vendors/Cisco/Cisco IOS/show vtp status [Cisco IOS]", "variable": "vtp_version"}, {"parser": "Built-in Files/Network Vendors/Cisco/Cisco IOS/show vtp status [Cisco IOS]", "variable": "device_id"}]}}]}