{"driver-list": ["Dell Networking Switch", "Dell Force10 Switch"], "feature-list": [{"feature-name": "general", "op-cmds": ["dir //done", "dir flash  //done", "show version //done"], "dvt": {"node-type": "Legacy Device", "filter-criteria": {"device-type": ["Dell Force10 Switch", "Dell Networking Switch"], "feature-name": ["general"]}, "device-position": [{"parser": "Built-in Files/Network Vendors/Dell/Dell Networking Switch/dir [Dell Networking Switch]", "variable": "sys_file_table"}, {"parser": "Built-in Files/Network Vendors/Dell/Dell Networking Switch/dir flash [Dell Networking Switch]", "variable": "flash_free"}, {"parser": "Built-in Files/Network Vendors/Dell/Dell Networking Switch/show version [Dell Networking Switch]", "variable": "app_ver"}, {"parser": "Built-in Files/Network Vendors/Dell/Dell Networking Switch/show version [Dell Networking Switch]", "variable": "os_uptime"}, {"parser": "Built-in Files/Network Vendors/Dell/Dell Networking Switch/show version [Dell Networking Switch]", "variable": "sys_file"}]}}, {"feature-name": "inventory", "op-cmds": ["show inventory //done"], "dvt": {"node-type": "Legacy Device", "filter-criteria": {"device-type": ["Dell Force10 Switch", "Dell Networking Switch"], "feature-name": ["inventory"]}, "device-position": [{"parser": "Built-in Files/Network Vendors/Dell/Dell Networking Switch/show inventory [Dell Networking Switch]", "variable": "software_ver", "gb": true}, {"parser": "Built-in Files/Network Vendors/Dell/Dell Networking Switch/show inventory [Dell Networking Switch]", "variable": "sys_type"}, {"parser": "Built-in Files/Network Vendors/Dell/Dell Networking Switch/show inventory [Dell Networking Switch]", "variable": "sys_mode"}, {"parser": "Built-in Files/Network Vendors/Dell/Dell Networking Switch/show inventory [Dell Networking Switch]", "variable": "inventory_table", "gb": true}]}}, {"feature-name": "overall-health", "op-cmds": ["show processes cpu summary //done", "show processes memory //done", "show memory //done"], "dvt": {"node-type": "Legacy Device", "filter-criteria": {"device-type": ["Dell Force10 Switch", "Dell Networking Switch"], "feature-name": ["overall-health"]}, "device-position": [{"parser": "Built-in Files/Network Vendors/Dell/Dell Networking Switch/show processes memory [Dell Networking Switch]", "variable": "total_memory"}, {"parser": "Built-in Files/Network Vendors/Dell/Dell Networking Switch/show processes memory [Dell Networking Switch]", "variable": "current_free_memory"}, {"parser": "Built-in Files/Network Vendors/Dell/Dell Networking Switch/show memory [Dell Networking Switch]", "variable": "processor_total"}, {"parser": "Built-in Files/Network Vendors/Dell/Dell Networking Switch/show memory [Dell Networking Switch]", "variable": "processor_free"}, {"parser": "Built-in Files/Network Vendors/Dell/Dell Networking Switch/show processes cpu summary [Dell Networking Switch]", "variable": "cpu_processes_table"}, {"parser": "Built-in Files/Network Vendors/Dell/Dell Networking Switch/show processes memory [Dell Networking Switch]", "variable": "process_memory"}]}}, {"feature-name": "interface", "op-cmds": ["show interface switchport //done", "show interfaces //done", "show interfaces status //done", "show ip interface //done", "show ip interface brief //done"], "dvt": {"node-type": "Legacy Device", "filter-criteria": {"device-type": ["Dell Force10 Switch", "Dell Networking Switch"], "feature-name": ["interface"]}, "device-position": [{"parser": "Built-in Files/Network Vendors/Dell/Dell Networking Switch/show interfaces [Dell Networking Switch]", "variable": "intfs", "gb": true}, {"parser": "Built-in Files/Network Vendors/Dell/Dell Networking Switch/show interfaces status [Dell Networking Switch]", "variable": "intf_status", "gb": true}, {"parser": "Built-in Files/Network Vendors/Dell/Dell Networking Switch/show ip interface [Dell Networking Switch]", "variable": "ip_intf"}, {"parser": "Built-in Files/Network Vendors/Dell/Dell Networking Switch/show ip interface brief [Dell Networking Switch]", "variable": "intf_brief_table"}, {"parser": "Built-in Files/Network Vendors/Dell/Dell Networking Switch/show interface switchport [Dell Networking Switch]", "variable": "switchport_table"}], "interface-position": [{"interface-type": "IPv4 Interface", "position": [{"parser": "Built-in Files/Network Vendors/Dell/Dell Networking Switch/show interfaces [Dell Networking Switch]", "variable": "intfs.input_rate"}, {"parser": "Built-in Files/Network Vendors/Dell/Dell Networking Switch/show interfaces [Dell Networking Switch]", "variable": "intfs.output_discard_pkts"}, {"parser": "Built-in Files/Network Vendors/Dell/Dell Networking Switch/show interfaces [Dell Networking Switch]", "variable": "intfs.output_rate"}, {"parser": "Built-in Files/Network Vendors/Dell/Dell Networking Switch/show interfaces [Dell Networking Switch]", "variable": "intfs.input_discard_pkts"}]}, {"interface-type": "Interface", "position": [{"parser": "Built-in Files/Network Vendors/Dell/Dell Networking Switch/show interfaces [Dell Networking Switch]", "variable": "intfs.input_rate"}, {"parser": "Built-in Files/Network Vendors/Dell/Dell Networking Switch/show interfaces [Dell Networking Switch]", "variable": "intfs.output_rate"}, {"parser": "Built-in Files/Network Vendors/Dell/Dell Networking Switch/show interfaces [Dell Networking Switch]", "variable": "intfs.input_discard_pkts"}, {"parser": "Built-in Files/Network Vendors/Dell/Dell Networking Switch/show interfaces [Dell Networking Switch]", "variable": "intfs.output_discard_pkts"}]}]}}, {"feature-name": "port-channel", "op-cmds": ["show interface port-channel", "show interface port-channel brief", "show port-channel-flow", "show hardware hg-stats", "show hg-link-bundle-distribution", "show lacp"]}, {"feature-name": "sflow", "patterns-to-match": [{"patterns": [{"mregex": "^sflow"}]}], "op-cmds": ["show sflow //done"], "dvt": {"node-type": "Legacy Device", "filter-criteria": {"device-type": ["Dell Force10 Switch", "Dell Networking Switch"], "feature-name": ["sflow"]}, "device-position": [{"parser": "Built-in Files/Network Vendors/Dell/Dell Networking Switch/show sflow [Dell Networking Switch]", "variable": "sflow_state", "gb": true}, {"parser": "Built-in Files/Network Vendors/Dell/Dell Networking Switch/show sflow [Dell Networking Switch]", "variable": "egress_state", "gb": true}, {"parser": "Built-in Files/Network Vendors/Dell/Dell Networking Switch/show sflow [Dell Networking Switch]", "variable": "collector_ip", "gb": true}, {"parser": "Built-in Files/Network Vendors/Dell/Dell Networking Switch/show sflow [Dell Networking Switch]", "variable": "agent_ip"}], "interface-position": [{"interface-type": "IPv4 Interface", "position": [{"parser": "Built-in Files/Network Vendors/Dell/Dell Networking Switch/show sflow [Dell Networking Switch]", "variable": "port.config_rate"}, {"parser": "Built-in Files/Network Vendors/Dell/Dell Networking Switch/show sflow [Dell Networking Switch]", "variable": "port.actual_rate"}]}]}}, {"feature-name": "vrrp", "patterns-to-match": [{"patterns": [{"mregex": "vrrp-group \\d+"}]}], "op-cmds": ["show vrrp", "show vrrp ipv6"]}, {"feature-name": "ntp", "patterns-to-match": [{"patterns": [{"regex": "^ntp"}]}], "op-cmds": ["show ntp status //done", "show ntp associations", "show ntp vrf associations", "show clock"], "dvt": {"node-type": "Legacy Device", "filter-criteria": {"device-type": ["Dell Force10 Switch", "Dell Networking Switch"], "feature-name": ["ntp"]}, "device-position": [{"parser": "Built-in Files/Network Vendors/Dell/Dell Networking Switch/show ntp status [Dell Networking Switch]", "variable": "clock_status"}, {"parser": "Built-in Files/Network Vendors/Dell/Dell Networking Switch/show ntp status [Dell Networking Switch]", "variable": "stratum"}, {"parser": "Built-in Files/Network Vendors/Dell/Dell Networking Switch/show ntp status [Dell Networking Switch]", "variable": "peer_mode", "gb": true}, {"parser": "Built-in Files/Network Vendors/Dell/Dell Networking Switch/show ntp status [Dell Networking Switch]", "variable": "reference_ip"}]}}, {"feature-name": "aaa", "patterns-to-match": [{"patterns": [{"regex": "aaa"}]}], "op-cmds": ["show acccounting", "show users", "show privilege"]}, {"feature-name": "snmp-agent", "patterns-to-match": [{"patterns": [{"regex": "^snmp-server"}]}], "op-cmds": ["show snmp", "show snmp engineID", "show snmp group", "show snmp user", "show snmp group"]}, {"feature-name": "multicast", "patterns-to-match": [{"patterns": [{"regex": "ip pim"}]}], "op-cmds": ["show ip pim interface //done", "show ip pim neighbors //done", "show ip igmp groups //done", "show ip igmp interface //done", "show ip igmp snooping groups", "show ip igmp snooping mrouter", "show ip mroute //done", "show ip pim snooping interface", "show ip pim snooping neighbor", "show ip pim bsr-router", "show ip pim rp", "show ip pim tib", "show running-config pim"], "dvt": {"node-type": "Legacy Device", "filter-criteria": {"device-type": ["Dell Networking Switch", "Dell Force10 Switch"], "feature-name": ["multicast"]}, "device-position": [{"parser": "Built-in Files/Network Vendors/Dell/Dell Networking Switch/show ip pim interface [Dell Networking Switch]", "variable": "pim_intf", "gb": true}, {"parser": "Built-in Files/Network Vendors/Dell/Dell Networking Switch/show ip pim neighbors [Dell Networking Switch]", "variable": "pim_neighbor", "gb": true}, {"parser": "Built-in Files/Network Vendors/Dell/Dell Networking Switch/show ip igmp groups [Dell Networking Switch]", "variable": "total_igmp_groups"}, {"parser": "Built-in Files/Network Vendors/Dell/Dell Networking Switch/show ip igmp groups [Dell Networking Switch]", "variable": "igmp_groups"}], "interface-position": [{"interface-type": "IPv4 Interface", "position": [{"parser": "Built-in Files/Network Vendors/Dell/Dell Networking Switch/show ip pim interface [Dell Networking Switch]", "variable": "pim_intf.ver_mode"}, {"parser": "Built-in Files/Network Vendors/Dell/Dell Networking Switch/show ip pim interface [Dell Networking Switch]", "variable": "pim_intf.nbr_count"}, {"parser": "Built-in Files/Network Vendors/Dell/Dell Networking Switch/show ip pim interface [Dell Networking Switch]", "variable": "pim_intf.query_intvl"}, {"parser": "Built-in Files/Network Vendors/Dell/Dell Networking Switch/show ip pim interface [Dell Networking Switch]", "variable": "pim_intf.dr"}]}]}}, {"feature-name": "lldp", "patterns-to-match": [{"patterns": [{"regex": "^protocol lldp"}]}], "op-cmds": ["show lldp statistics", "show lldp neighbors", "show management interface", "show running-config lldp"]}, {"feature-name": "spanning-tree", "patterns-to-match": [{"patterns": [{"regex": "spanning-tree"}]}], "op-cmds": ["show spanning-tree 0 //done", "show spanning-tree 0 brief //done", "show spanning-tree mst configuration //done", "show vlan//done", "show vlan brief //done"], "dvt": {"node-type": "Legacy Device", "filter-criteria": {"device-type": ["Dell Networking Switch", "Dell Force10 Switch"], "feature-name": ["spanning-tree"]}, "device-position": [{"parser": "Built-in Files/Network Vendors/Dell/Dell Networking Switch/show spanning-tree 0 [Dell Networking Switch]", "variable": "port_table", "gb": true}, {"parser": "Built-in Files/Network Vendors/Dell/Dell Networking Switch/show spanning-tree 0 [Dell Networking Switch]", "variable": "root_mac", "gb": true}, {"parser": "Built-in Files/Network Vendors/Dell/Dell Networking Switch/show spanning-tree 0 [Dell Networking Switch]", "variable": "bridge_mac"}, {"parser": "Built-in Files/Network Vendors/Dell/Dell Networking Switch/show spanning-tree 0 [Dell Networking Switch]", "variable": "topology_change", "gb": true}, {"parser": "Built-in Files/Network Vendors/Dell/Dell Networking Switch/show spanning-tree 0 [Dell Networking Switch]", "variable": "root_pri"}, {"parser": "Built-in Files/Network Vendors/Dell/Dell Networking Switch/show spanning-tree 0 [Dell Networking Switch]", "variable": "bridge_bridge"}], "interface-position": [{"interface-type": "IPv4 Interface", "position": [{"parser": "Built-in Files/Network Vendors/Dell/Dell Networking Switch/show spanning-tree 0 [Dell Networking Switch]", "variable": "port_table.path_cost"}, {"parser": "Built-in Files/Network Vendors/Dell/Dell Networking Switch/show spanning-tree 0 [Dell Networking Switch]", "variable": "port_table.port_pri"}, {"parser": "Built-in Files/Network Vendors/Dell/Dell Networking Switch/show spanning-tree 0 [Dell Networking Switch]", "variable": "port_table.designated_bridge_addr"}, {"parser": "Built-in Files/Network Vendors/Dell/Dell Networking Switch/show spanning-tree 0 [Dell Networking Switch]", "variable": "port_table.designated_path_cost"}]}, {"interface-type": "Interface", "position": [{"parser": "Built-in Files/Network Vendors/Dell/Dell Networking Switch/show spanning-tree 0 [Dell Networking Switch]", "variable": "port_table.path_cost"}, {"parser": "Built-in Files/Network Vendors/Dell/Dell Networking Switch/show spanning-tree 0 [Dell Networking Switch]", "variable": "port_table.port_pri"}, {"parser": "Built-in Files/Network Vendors/Dell/Dell Networking Switch/show spanning-tree 0 [Dell Networking Switch]", "variable": "port_table.designated_bridge_addr"}, {"parser": "Built-in Files/Network Vendors/Dell/Dell Networking Switch/show spanning-tree 0 [Dell Networking Switch]", "variable": "port_table.designated_path_cost"}]}]}}, {"feature-name": "ipsec-vpn", "patterns-to-match": [{"patterns": [{"regex": "^crypto ipsec policy"}]}], "op-cmds": ["show crypto ipsec transform-set", "show crypto ipsec policy"]}, {"feature-name": "routing-general", "op-cmds": ["show ip protocols //done"], "dvt": {"node-type": "Legacy Device", "filter-criteria": {"device-type": ["Dell Force10 Switch", "Dell Networking Switch"], "feature-name": ["routing-general"]}, "device-position": [{"parser": "Built-in Files/Network Vendors/Dell/Dell Networking Switch/show ip protocols [Dell Networking Switch]", "variable": "protocols"}]}}, {"feature-name": "ospfv2", "patterns-to-match": [{"patterns": [{"regex": "router ospf \\d+"}]}], "op-cmds": ["show ip ospf //done", "show ip ospf database summary //done", "show ip ospf interface //done", "show ip ospf neighbors //done", "show ip ospf asbr", "show ip ospf databae", "show ip ospf database external", "show ip ospf database network", "show ip ospf database nssa-external", "show ip ospf database router", "show ip ospf databse summary", "show ip ospf routes", "show ip ospf statistics", "show ip ospf timers rate-limit", "show ip ospf topology"], "dvt": {"node-type": "Legacy Device", "filter-criteria": {"device-type": ["Dell Force10 Switch", "Dell Networking Switch"], "feature-name": ["ospfv2"]}, "device-position": [{"parser": "Built-in Files/Network Vendors/Dell/Dell Networking Switch/show ip ospf neighbors [Dell Networking Switch]", "variable": "ospf_nbr_table", "gb": true}, {"parser": "Built-in Files/Network Vendors/Dell/Dell Networking Switch/show ip ospf neighbors [Dell Networking Switch]", "variable": "ospf_nbr_filter"}, {"parser": "Built-in Files/Network Vendors/Dell/Dell Networking Switch/show ip ospf [Dell Networking Switch]", "variable": "ospf_protocol_table"}, {"parser": "Built-in Files/Network Vendors/Dell/Dell Networking Switch/show ip ospf interface [Dell Networking Switch]", "variable": "ospf_intf_table", "gb": true}], "interface-position": [{"interface-type": "IPv4 Interface", "position": [{"parser": "Built-in Files/Network Vendors/Dell/Dell Networking Switch/show ip ospf interface [Dell Networking Switch]", "variable": "ospf_intf_table.network_type"}, {"parser": "Built-in Files/Network Vendors/Dell/Dell Networking Switch/show ip ospf interface [Dell Networking Switch]", "variable": "ospf_intf_table.state"}, {"parser": "Built-in Files/Network Vendors/Dell/Dell Networking Switch/show ip ospf interface [Dell Networking Switch]", "variable": "ospf_intf_table.priority"}, {"parser": "Built-in Files/Network Vendors/Dell/Dell Networking Switch/show ip ospf interface [Dell Networking Switch]", "variable": "ospf_intf_table.nbr_count"}, {"parser": "Built-in Files/Network Vendors/Dell/Dell Networking Switch/show ip ospf interface [Dell Networking Switch]", "variable": "ospf_intf_table.designated_router_addr"}, {"parser": "Built-in Files/Network Vendors/Dell/Dell Networking Switch/show ip ospf interface [Dell Networking Switch]", "variable": "ospf_intf_table.designated_router"}]}]}}, {"feature-name": "ospfv3", "patterns-to-match": [{"patterns": [{"regex": "^ipv6 router ospf"}]}], "op-cmds": ["show ipv6 ospf interface", "show ipv6 ospf database", "show ipv6 ospf neighbor", "show crypto ipsec policy", "show crypto ipsec sa ipv6"]}, {"feature-name": "isis", "patterns-to-match": [{"patterns": [{"regex": "router isis"}]}], "op-cmds": ["show isis database //done", "show isis interface //done", "show isis neighbors //done", "show isis neighbors detail //done", "show isis protocol //done", "show isis graceful-restart detail", "show isis traffic", "show isis hostname"], "dvt": {"node-type": "Legacy Device", "filter-criteria": {"device-type": ["Dell Force10 Switch", "Dell Networking Switch"], "feature-name": ["isis"]}, "device-position": [{"parser": "Built-in Files/Network Vendors/Dell/Dell Networking Switch/show isis neighbors detail [Dell Networking Switch]", "variable": "isis_nbrs", "gb": true}, {"parser": "Built-in Files/Network Vendors/Dell/Dell Networking Switch/show isis protocol [Dell Networking Switch]", "variable": "isis_protocols"}, {"parser": "Built-in Files/Network Vendors/Dell/Dell Networking Switch/show isis protocol [Dell Networking Switch]", "variable": "sys_id"}, {"parser": "Built-in Files/Network Vendors/Dell/Dell Networking Switch/show isis protocol [Dell Networking Switch]", "variable": "type"}], "interface-position": [{"interface-type": "IPv4 Interface", "position": [{"parser": "Built-in Files/Network Vendors/Dell/Dell Networking Switch/show isis interface [Dell Networking Switch]", "variable": "isis_intfs.lv1_adj"}, {"parser": "Built-in Files/Network Vendors/Dell/Dell Networking Switch/show isis interface [Dell Networking Switch]", "variable": "isis_intfs.lv1_priority"}, {"parser": "Built-in Files/Network Vendors/Dell/Dell Networking Switch/show isis interface [Dell Networking Switch]", "variable": "isis_intfs.lv2_adj"}, {"parser": "Built-in Files/Network Vendors/Dell/Dell Networking Switch/show isis interface [Dell Networking Switch]", "variable": "isis_intfs.lv2_priority"}]}]}}, {"feature-name": "bgp", "patterns-to-match": [{"patterns": [{"regex": "^router bgp"}]}], "op-cmds": ["show ip bgp neighbors //done", "show ip bgp summary //done", "show ip bgp", "show ip bgp cluster-list", "show ip bgp community", "show ip bgp community-list", "show ip bgp dampened-path", "show ip bgp detail", "show ip bgp extcommunity-list", "show ip bgp filter-list", "show ip bgp flap-statistics", "show ip bgp inconsitent-as", "show ip bgp next-hop", "show ip bgp paths", "show ip bgp peer-group", "show running-config bgp"], "dvt": {"node-type": "Legacy Device", "filter-criteria": {"device-type": ["Dell Force10 Switch", "Dell Networking Switch"], "feature-name": ["bgp"]}, "device-position": [{"parser": "Built-in Files/Network Vendors/Dell/Dell Networking Switch/show ip bgp neighbors [Dell Networking Switch]", "variable": "bgp_nbrs", "gb": true}, {"parser": "Built-in Files/Network Vendors/Dell/Dell Networking Switch/show ip bgp summary [Dell Networking Switch]", "variable": "bgp_nbrs"}, {"parser": "Built-in Files/Network Vendors/Dell/Dell Networking Switch/show ip bgp summary [Dell Networking Switch]", "variable": "rid", "gb": true}, {"parser": "Built-in Files/Network Vendors/Dell/Dell Networking Switch/show ip bgp summary [Dell Networking Switch]", "variable": "network", "gb": true}, {"parser": "Built-in Files/Network Vendors/Dell/Dell Networking Switch/show ip bgp summary [Dell Networking Switch]", "variable": "path", "gb": true}]}}, {"feature-name": "acl", "patterns-to-match": [{"patterns": [{"regex": "ip access-group"}]}], "op-cmds": ["show ip access-lists", "show ip accounting access-lists", "show acl-vlan-group", "show cam-acl-vlan", "show cam-usage", "show mac access-list", "show mac accounting access-list"]}, {"feature-name": "prefix-list", "patterns-to-match": [{"patterns": [{"regex": "ip prefix-list"}]}], "op-cmds": ["show ip prefix-list summary", "show ip prefix-list detail"]}, {"feature-name": "route-map", "patterns-to-match": [{"patterns": [{"regex": "route-map"}]}], "op-cmds": ["show ip as-path-access-lists", "show ip community-lists"]}, {"feature-name": "bfd", "patterns-to-match": [{"patterns": [{"regex": "^bfd enable"}]}], "op-cmds": ["show bfd neighbors"]}, {"feature-name": "vrf", "patterns-to-match": [{"patterns": [{"regex": "ip vrf"}]}], "op-cmds": ["show ip vrf //done", "show run vrf"], "dvt": {"node-type": "Legacy Device", "filter-criteria": {"device-type": ["Dell Force10 Switch", "Dell Networking Switch"], "feature-name": ["vrf"]}, "device-position": [{"parser": "Built-in Files/Network Vendors/Dell/Dell Networking Switch/show ip vrf [Dell Networking Switch]", "variable": "vrfs_table", "gb": true}], "interface-position": [{"interface-type": "IPv4 Interface", "position": [{"parser": "Built-in Files/Network Vendors/Dell/Dell Networking Switch/show ip vrf [Dell Networking Switch]", "variable": "vrfs_table.vrf_name"}, {"parser": "Built-in Files/Network Vendors/Dell/Dell Networking Switch/show ip vrf [Dell Networking Switch]", "variable": "vrfs_table.vrf_id"}]}]}}, {"feature-name": "dhcp", "patterns-to-match": [{"patterns": [{"regex": "ip dhcp"}]}], "op-cmds": ["show ip dhcp client statistics", "show ip dhcp configuration", "show ip dhcp conflict", "show ip dhcp lease", "show ip dhcp snooping", "show ipv6 dhcp snooping", "show ip dhcp binging", "show ip dhcp server statistics"]}, {"feature-name": "dot1x", "patterns-to-match": [{"patterns": [{"regex": "dot1x auth-server"}]}], "op-cmds": ["show dot1x cos-mapping interface", "show dot1x interface"]}, {"feature-name": "virtual_link_trunking", "patterns-to-match": [{"patterns": [{"regex": "peer-link port-channel"}]}], "op-cmds": ["show vlt brief", "show vlt backup-link", "show vlt counters", "show vlt detail", "show vlt inconsistency", "show vlt mismatch", "show vlt private-vlan", "show vlt statistics", "show vlt role", "show vlt private-vlan", "show vlt statistics igmp-snoop"]}, {"feature-name": "qos", "patterns-to-match": [{"patterns": [{"regex": "service-policy"}]}], "op-cmds": ["show qos class-map", "show qos policy-map", "show qos policy-map-input", "show qos policy-map-output", "show qos statistics", "show qos wred-profile", "show qos dscp-color-map", "show qos dot1p-queue-mapping"]}]}