{"driver-list": ["F5 Load Balancer"], "feature-list": [{"feature-name": "ltm", "patterns-to-match": [{"patterns": [{"regex": "^ltm \\S+"}]}], "op-cmds": ["show ltm virtual recursive //done", "show ltm node recursive //done", "show ltm pool recursive", "show ltm persistence persist-record", "show ltm rule recursive //done", "show ltm virtual-address recursive //done"], "dvt": {"node-type": "Legacy Device", "filter-criteria": {"device-type": ["F5 Load Balancer"], "feature-name": ["ltm"]}, "device-position": [{"parser": "Built-in Files/Network Vendors/F5/F5 Load Balancer/show ltm virtual recursive  [F5 Load Balancer]", "variable": "Ltm_Virtual_Server", "gb": true}, {"parser": "Built-in Files/Network Vendors/F5/F5 Load Balancer/show ltm virtual-address recursive [F5 Load Balancer]", "variable": "ltm_virtual_address", "gb": true}, {"parser": "Built-in Files/Network Vendors/F5/F5 Load Balancer/show ltm pool recursive [F5 Load Balancer]", "variable": "ltm_pool", "gb": true}, {"parser": "Built-in Files/Network Vendors/F5/F5 Load Balancer/show ltm node recursive [F5 Load Balancer]", "variable": "ltm_node", "gb": true}]}}, {"feature-name": "snat", "patterns-to-match": [{"patterns": [{"regex": "^ltm snat "}]}, {"patterns": [{"regex": "automap"}]}], "op-cmds": ["show ltm nat", "show ltm snat", "show ltm snatpool", "show ltm snat-translation"]}, {"feature-name": "ha", "op-cmds": ["show cm failover-status  //done", "show cm sync-status", "show sys ha-group", "show sys ha-status //done", "show cm traffic-group"], "dvt": {"node-type": "Legacy Device", "filter-criteria": {"device-type": ["F5 Load Balancer"], "feature-name": ["ha"]}, "device-position": [{"parser": "Built-in Files/Network Vendors/F5/F5 Load Balancer/show cm failover-status [F5 Load Balancer]", "variable": "summary", "gb": true}, {"parser": "Built-in Files/Network Vendors/F5/F5 Load Balancer/show cm sync-status [F5 Load Balancer]", "variable": "sync_status", "gb": true}, {"parser": "Built-in Files/Network Vendors/F5/F5 Load Balancer/show sys ha-group [F5 Load Balancer]", "variable": "ha_group", "gb": true}, {"parser": "Built-in Files/Network Vendors/F5/F5 Load Balancer/show cm traffic-group [F5 Load Balancer]", "variable": "traffic_group", "gb": true}]}}, {"feature-name": "inventory", "op-cmds": ["show sys license //done"], "dvt": {"node-type": "Legacy Device", "filter-criteria": {"device-type": ["F5 Load Balancer"], "feature-name": ["inventory"]}, "device-position": [{"parser": "Built-in Files/Network Vendors/F5/F5 Load Balancer/show sys license [F5 Load Balancer]", "variable": "lic_expires"}, {"parser": "Built-in Files/Network Vendors/F5/F5 Load Balancer/show sys license [F5 Load Balancer]", "variable": "lic_day_left"}]}}, {"feature-name": "general", "op-cmds": ["show net interface //done", "show net interface all-properties //done", "show net self //done", "show net route", "show net vlan //done", "show net vlan-group //done", "show net arp", "show net ipsec", "show net ipsec-stat //done", "show net self //done", "show net self-allow", "show net trunk //done", "show sys cpu //done", "show sys memory //done", "show sys connection //done", "list sys disk all-properties", "show sys hardware //done", "show sys ip-address all-properties //done", "show sys mcp-state //done", "show sys memory raw //done", "show sys performance system //done", "show sys provision //done", "show sys raid //done", "show sys service //done", "show sys software //done", "show sys traffic //done", "show sys version //done"], "dvt": {"node-type": "Legacy Device", "filter-criteria": {"device-type": ["F5 Load Balancer"], "feature-name": ["general"]}, "device-position": [{"parser": "Built-in Files/Network Vendors/F5/F5 Load Balancer/show sys cpu [F5 Load Balancer]", "variable": "current_cpu_usage", "gb": true}, {"parser": "Built-in Files/Network Vendors/F5/F5 Load Balancer/show sys memory [F5 Load Balancer]", "variable": "tmm_memory_used", "gb": true}, {"parser": "Built-in Files/Network Vendors/F5/F5 Load Balancer/show sys performance connection [F5 Load Balancer]", "variable": "active_connection", "gb": true}, {"parser": "Built-in Files/Network Vendors/F5/F5 Load Balancer/show net interface [F5 Load Balancer]", "variable": "interface_status", "gb": true}]}}, {"feature-name": "GTM", "patterns-to-match": [{"patterns": [{"regex": "^gtm\\s(server|pool|wideip)"}]}], "op-cmds": ["show gtm monitor recursive", "show gtm pool recursive", "show gtm rule", "show gtm wideip recursive", "show gtm datacenter", "show gtm listener", "show gtm persist", "show gtm traffic", "show gtm topology", "show gtm server"]}, {"feature-name": "route-domain", "patterns-to-match": [{"patterns": [{"regex": "^net\\s+route-domain\\s+(?!Common\\/0)"}]}], "op-cmds": ["show net route-domain"]}, {"feature-name": "ipsec", "patterns-to-match": [{"patterns": [{"regex": "^net ipsec ike-peer"}]}], "op-cmds": ["show net ipsec ike-daemon", "show net ipsec ike-peer", "show net ipsec ike-sa", "show net ipsec ipsec-policy", "show net ipsec ipsec-sa", "show net ipsec manual-security-association", "show net ipsec traffic-selector"]}, {"feature-name": "vlan", "patterns-to-match": [{"patterns": [{"regex": "^net vlan"}]}], "op-cmds": ["show net vlan-allowed", "show net vlan-group", "show net vlan"]}, {"feature-name": "apm", "patterns-to-match": [{"patterns": [{"regex": "^apm \\S+"}]}], "op-cmds": ["show apm aaa", "show apm sso", "show apm policy", "show apm profile", "show apm resource", "show apm current-module", "show apm recursive", "show apm session all-properties", "show apm access-info all-properties //done", "show apm license", "show apm profile access"], "dvt": {"node-type": "Legacy Device", "filter-criteria": {"device-type": ["F5 Load Balancer"], "feature-name": ["apm"]}, "device-position": [{"parser": "Built-in Files/Network Vendors/F5/F5 Load Balancer/show apm access-info all-properties [F5 Load Balancer]", "variable": "total_records_returned", "gb": true}, {"parser": "Built-in Files/Network Vendors/F5/F5 Load Balancer/show apm access-info all-properties [F5 Load Balancer]", "variable": "apm_access_info"}]}}]}