{"driver-list": ["Palo Alto Firewall"], "feature-list": [{"feature-name": "general", "op-cmds": ["show system info //done", "show session info", "show arp all", "show neighbor all", "show mac all", "show jobs all", "show clock"], "dvt": {"node-type": "Legacy Device", "filter-criteria": {"device-type": ["Palo Alto Firewall"], "feature-name": ["general"]}, "device-position": [{"parser": "Built-in Files/Network Vendors/Palo Alto/Palo Alto Firewall/show system info [Palo Alto Firewall]", "variable": "uptime"}, {"parser": "Built-in Files/Network Vendors/Palo Alto/Palo Alto Firewall/show system info [Palo Alto Firewall]", "variable": "family", "gb": true}, {"parser": "Built-in Files/Network Vendors/Palo Alto/Palo Alto Firewall/show system info [Palo Alto Firewall]", "variable": "model", "gb": true}, {"parser": "Built-in Files/Network Vendors/Palo Alto/Palo Alto Firewall/show system info [Palo Alto Firewall]", "variable": "serial", "gb": true}], "interface-position": [{"interface-type": "IPv4 Interface", "position": [{"parser": "Built-in Files/Network Vendors/Palo Alto/Palo Alto Firewall/show counter interface all [Palo Alto Firewall]", "variable": "hardware_interfaces_counters.hardware_receive_errors", "gb": true}, {"parser": "Built-in Files/Network Vendors/Palo Alto/Palo Alto Firewall/show interface hardware [Palo Alto Firewall]", "variable": "interface_hardware.speed_duplex_state", "gb": true}, {"parser": "Built-in Files/Network Vendors/Palo Alto/Palo Alto Firewall/show counter interface all [Palo Alto Firewall]", "variable": "logical_interfaces_counters.logical_receive_errors", "gb": true}, {"parser": "Built-in Files/Network Vendors/Palo Alto/Palo Alto Firewall/show interface logical [Palo Alto Firewall]", "variable": "interface_logical.zone", "gb": true}]}]}}, {"feature-name": "inventory", "op-cmds": ["show system environmentals", "show system resources //done", "show running resource-monitor", "show system disk-space"], "dvt": {"node-type": "Legacy Device", "filter-criteria": {"device-type": ["Palo Alto Firewall"], "feature-name": ["inventory"]}, "device-position": [{"parser": "Built-in Files/Network Vendors/Palo Alto/Palo Alto Firewall/show system resources [Palo Alto Firewall]", "variable": "cpu_wa_percentage", "gb": true}, {"parser": "Built-in Files/Network Vendors/Palo Alto/Palo Alto Firewall/show system resources [Palo Alto Firewall]", "variable": "free_memory", "gb": true}, {"parser": "Built-in Files/Network Vendors/Palo Alto/Palo Alto Firewall/show system resources [Palo Alto Firewall]", "variable": "free_swap", "gb": true}, {"parser": "Built-in Files/Network Vendors/Palo Alto/Palo Alto Firewall/show system resources [Palo Alto Firewall]", "variable": "resources_table"}], "interface-position": [{"interface-type": "IPv4 Interface", "position": [{"parser": "Built-in Files/Network Vendors/Palo Alto/Palo Alto Firewall/show counter interface all [Palo Alto Firewall]", "variable": "hardware_interfaces_counters.hardware_receive_errors", "gb": true}, {"parser": "Built-in Files/Network Vendors/Palo Alto/Palo Alto Firewall/show interface hardware [Palo Alto Firewall]", "variable": "interface_hardware.speed_duplex_state", "gb": true}, {"parser": "Built-in Files/Network Vendors/Palo Alto/Palo Alto Firewall/show counter interface all [Palo Alto Firewall]", "variable": "logical_interfaces_counters.logical_receive_errors", "gb": true}, {"parser": "Built-in Files/Network Vendors/Palo Alto/Palo Alto Firewall/show interface logical [Palo Alto Firewall]", "variable": "interface_logical.zone", "gb": true}]}]}}, {"feature-name": "interfaces", "op-cmds": ["show interface all", "show interface hardware //done", "show interface logical //done", "show interface management", "show counter interface all //done"], "dvt": {"node-type": "Legacy Device", "filter-criteria": {"device-type": ["Palo Alto Firewall"], "feature-name": ["interfaces"]}, "device-position": [{"parser": "Built-in Files/Network Vendors/Palo Alto/Palo Alto Firewall/show interface hardware [Palo Alto Firewall]", "variable": "interface_hardware", "gb": true}, {"parser": "Built-in Files/Network Vendors/Palo Alto/Palo Alto Firewall/show counter interface all [Palo Alto Firewall]", "variable": "hardware_interfaces_counters"}, {"parser": "Built-in Files/Network Vendors/Palo Alto/Palo Alto Firewall/show interface logical [Palo Alto Firewall]", "variable": "interface_logical", "gb": true}, {"parser": "Built-in Files/Network Vendors/Palo Alto/Palo Alto Firewall/show counter interface all [Palo Alto Firewall]", "variable": "logical_interfaces_counters"}], "interface-position": [{"interface-type": "IPv4 Interface", "position": [{"parser": "Built-in Files/Network Vendors/Palo Alto/Palo Alto Firewall/show counter interface all [Palo Alto Firewall]", "variable": "hardware_interfaces_counters.hardware_receive_errors", "gb": true}, {"parser": "Built-in Files/Network Vendors/Palo Alto/Palo Alto Firewall/show interface hardware [Palo Alto Firewall]", "variable": "interface_hardware.speed_duplex_state", "gb": true}, {"parser": "Built-in Files/Network Vendors/Palo Alto/Palo Alto Firewall/show counter interface all [Palo Alto Firewall]", "variable": "logical_interfaces_counters.logical_receive_errors", "gb": true}, {"parser": "Built-in Files/Network Vendors/Palo Alto/Palo Alto Firewall/show interface logical [Palo Alto Firewall]", "variable": "interface_logical.zone", "gb": true}]}]}}, {"feature-name": "ntp", "patterns-to-match": [{"patterns": [{"regex": "ntp-servers"}]}], "op-cmds": ["show ntp"]}, {"feature-name": "snmp-agent", "patterns-to-match": [{"patterns": [{"mregex": "log-settings .+ snmptrap .+ version"}]}]}, {"feature-name": "syslog", "patterns-to-match": [{"patterns": [{"mregex": "syslog .+ server"}]}], "op-cmds": ["show log config", "show log system", "show log threat", "show log traffic"]}, {"feature-name": "dhcp-server", "patterns-to-match": [{"patterns": [{"mregex": "dhcp .+ interface .+ server"}]}], "op-cmds": ["show dhcp server lease all", "show dhcp server lease settings all"]}, {"feature-name": "dhcp-client", "patterns-to-match": [{"patterns": [{"mregex": "layer3 .+ dhcp-client"}]}], "op-cmds": ["show dhcp client state all", "show dhcp client state vlan"]}, {"feature-name": "dhcp-relay", "patterns-to-match": [{"patterns": [{"mregex": "dhcp .+ interface .+ relay"}]}]}, {"feature-name": "lldp", "patterns-to-match": [{"patterns": [{"mregex": "network .+ interface .+ lldp .+ enable yes"}]}], "op-cmds": ["show lldp config all", "show lldp counters all", "show lldp local all", "show lldp neighbors all"]}, {"feature-name": "nat", "patterns-to-match": [{"patterns": [{"mregex": "nat .+ rules .+(translation|translated)"}]}], "op-cmds": ["show running nat-policy", "show running ippool", "show running global-ippool"]}, {"feature-name": "ipsec-vpn", "patterns-to-match": [{"patterns": [{"regex": "ipsec-crypto-profiles"}]}], "op-cmds": ["show vpn flow", "show vpn gateway", "show vpn ike-sa", "show vpn ipsec-sa", "show vpn tunnel //done"], "dvt": {"node-type": "Legacy Device", "filter-criteria": {"device-type": ["Palo Alto Firewall"], "feature-name": ["ipsec-vpn"]}, "device-position": [{"parser": "Built-in Files/Network Vendors/Palo Alto/Palo Alto Firewall/show vpn tunnel [Palo Alto Firewall]", "variable": "vpn_table", "gb": true}], "interface-position": [{"interface-type": "IPv4 Interface", "position": [{"parser": "Built-in Files/Network Vendors/Palo Alto/Palo Alto Firewall/show counter interface all [Palo Alto Firewall]", "variable": "hardware_interfaces_counters.hardware_receive_errors", "gb": true}, {"parser": "Built-in Files/Network Vendors/Palo Alto/Palo Alto Firewall/show interface hardware [Palo Alto Firewall]", "variable": "interface_hardware.speed_duplex_state", "gb": true}, {"parser": "Built-in Files/Network Vendors/Palo Alto/Palo Alto Firewall/show counter interface all [Palo Alto Firewall]", "variable": "logical_interfaces_counters.logical_receive_errors", "gb": true}, {"parser": "Built-in Files/Network Vendors/Palo Alto/Palo Alto Firewall/show interface logical [Palo Alto Firewall]", "variable": "interface_logical.zone", "gb": true}]}]}}, {"feature-name": "security-policy", "patterns-to-match": [{"patterns": [{"mregex": "rulebase .+ security .+ rules .+ (to|from)"}]}], "op-cmds": ["show running security-policy"]}, {"feature-name": "user-id-agent", "patterns-to-match": [{"patterns": [{"mregex": "vsys .+ enable-user-identification yes"}]}], "op-cmds": ["show user user-id-agent state all", "show user user-id-agent statistic", "show user user-ids", "show user group-mapping state all", "show user group-mapping statistics", "show user group list", "show user ip-user-mapping"]}, {"feature-name": "routing-general", "op-cmds": ["show routing route", "show routing fib"]}, {"feature-name": "ospf", "patterns-to-match": [{"patterns": [{"mregex": "ospf .+ enable yes"}]}], "op-cmds": ["show routing protocol ospf area", "show routing protocol ospf graceful-restart", "show routing protocol ospf interface //done", "show routing protocol ospf neighbor //done", "show routing protocol ospf summary", "show routing protocol ospf virt-link", "show routing protocol ospf virt-neighbor"], "dvt": {"node-type": "Legacy Device", "filter-criteria": {"device-type": ["Palo Alto Firewall"], "feature-name": ["ospf"]}, "device-position": [{"parser": "Built-in Files/Network Vendors/Palo Alto/Palo Alto Firewall/show routing protocol ospf neighbor [Palo Alto Firewall]", "variable": "ospf_neighbors", "gb": true}, {"parser": "Built-in Files/Network Vendors/Palo Alto/Palo Alto Firewall/show routing protocol ospf interface [Palo Alto Firewall]", "variable": "ospf_interface", "gb": true}], "interface-position": [{"interface-type": "IPv4 Interface", "position": [{"parser": "Built-in Files/Network Vendors/Palo Alto/Palo Alto Firewall/show counter interface all [Palo Alto Firewall]", "variable": "hardware_interfaces_counters.hardware_receive_errors", "gb": true}, {"parser": "Built-in Files/Network Vendors/Palo Alto/Palo Alto Firewall/show interface hardware [Palo Alto Firewall]", "variable": "interface_hardware.speed_duplex_state", "gb": true}, {"parser": "Built-in Files/Network Vendors/Palo Alto/Palo Alto Firewall/show counter interface all [Palo Alto Firewall]", "variable": "logical_interfaces_counters.logical_receive_errors", "gb": true}, {"parser": "Built-in Files/Network Vendors/Palo Alto/Palo Alto Firewall/show routing protocol ospf interface [Palo Alto Firewall]", "variable": "ospf_interface.area_id", "gb": true}]}]}}, {"feature-name": "bgp", "patterns-to-match": [{"patterns": [{"mregex": "bgp .+ enable yes"}]}], "op-cmds": ["show routing protocol bgp loc-rib", "show routing protocol bgp loc-rib-detail", "show routing protocol bgp peer //done", "show routing protocol bgp peer-group", "show routing protocol bgp policy export", "show routing protocol bgp policy import", "show routing protocol bgp rib-out", "show routing protocol bgp rib-out-detail", "show routing protocol bgp summary //done"], "dvt": {"node-type": "Legacy Device", "filter-criteria": {"device-type": ["Palo Alto Firewall"], "feature-name": ["bgp"]}, "device-position": [{"parser": "Built-in Files/Network Vendors/Palo Alto/Palo Alto Firewall/show routing protocol bgp summary [Palo Alto Firewall]", "variable": "bgp_summary", "gb": true}, {"parser": "Built-in Files/Network Vendors/Palo Alto/Palo Alto Firewall/show routing protocol bgp peer [Palo Alto Firewall]", "variable": "bgp_peer", "gb": true}], "interface-position": [{"interface-type": "IPv4 Interface", "position": [{"parser": "Built-in Files/Network Vendors/Palo Alto/Palo Alto Firewall/show counter interface all [Palo Alto Firewall]", "variable": "hardware_interfaces_counters.hardware_receive_errors", "gb": true}, {"parser": "Built-in Files/Network Vendors/Palo Alto/Palo Alto Firewall/show interface hardware [Palo Alto Firewall]", "variable": "interface_hardware.speed_duplex_state", "gb": true}, {"parser": "Built-in Files/Network Vendors/Palo Alto/Palo Alto Firewall/show counter interface all [Palo Alto Firewall]", "variable": "logical_interfaces_counters.logical_receive_errors", "gb": true}, {"parser": "Built-in Files/Network Vendors/Palo Alto/Palo Alto Firewall/show interface logical [Palo Alto Firewall]", "variable": "interface_logical.zone", "gb": true}]}]}}, {"feature-name": "route-redistribution", "patterns-to-match": [{"patterns": [{"mregex": "redist-profile .+ action"}]}], "op-cmds": ["show routing protocol redist all", "show routing protocol redist bgp", "show routing protocol redist ospf"]}, {"feature-name": "ha", "patterns-to-match": [{"patterns": [{"mregex": "high-availability .+ peer-ip"}]}], "op-cmds": ["show high-availability all", "show high-availability state //done", "show high-availability link-monitoring", "show high-availability path-monitoring", "show high-availability control-link statistics", "show high-availability state-synchronization"], "dvt": {"node-type": "Legacy Device", "filter-criteria": {"device-type": ["Palo Alto Firewall"], "feature-name": ["ha"]}, "device-position": [{"parser": "Built-in Files/Network Vendors/Palo Alto/Palo Alto Firewall/show high-availability state [Palo Alto Firewall]", "variable": "local_information", "gb": true}, {"parser": "Built-in Files/Network Vendors/Palo Alto/Palo Alto Firewall/show high-availability state [Palo Alto Firewall]", "variable": "peer_information", "gb": true}], "interface-position": [{"interface-type": "IPv4 Interface", "position": [{"parser": "Built-in Files/Network Vendors/Palo Alto/Palo Alto Firewall/show counter interface all [Palo Alto Firewall]", "variable": "hardware_interfaces_counters.hardware_receive_errors", "gb": true}, {"parser": "Built-in Files/Network Vendors/Palo Alto/Palo Alto Firewall/show interface hardware [Palo Alto Firewall]", "variable": "interface_hardware.speed_duplex_state", "gb": true}, {"parser": "Built-in Files/Network Vendors/Palo Alto/Palo Alto Firewall/show counter interface all [Palo Alto Firewall]", "variable": "logical_interfaces_counters.logical_receive_errors", "gb": true}, {"parser": "Built-in Files/Network Vendors/Palo Alto/Palo Alto Firewall/show interface logical [Palo Alto Firewall]", "variable": "interface_logical.zone", "gb": true}]}]}}, {"feature-name": "tacacs", "patterns-to-match": [{"patterns": [{"mregex": "server-profile .+ tacplus .+ server"}]}], "op-cmds": ["show authentication allowlist"]}, {"feature-name": "radius", "patterns-to-match": [{"patterns": [{"mregex": "server-profile .+ radius .+ server"}]}], "op-cmds": ["show authentication allowlist"]}, {"feature-name": "multicast", "patterns-to-match": [{"patterns": [{"mregex": "multicast .+ enable yes"}]}], "op-cmds": ["show routing multicast igmp interface //done", "show routing multicast igmp membership //done", "show routing multicast route //done"], "dvt": {"node-type": "Legacy Device", "filter-criteria": {"device-type": ["Palo Alto Firewall"], "feature-name": ["multicast"]}, "device-position": [{"parser": "Built-in Files/Network Vendors/Palo Alto/Palo Alto Firewall/show routing multicast igmp interface [Palo Alto Firewall]", "variable": "igmp_interfaces", "gb": true}, {"parser": "Built-in Files/Network Vendors/Palo Alto/Palo Alto Firewall/show routing multicast igmp membership [Palo Alto Firewall]", "variable": "igmp_groups", "gb": true}, {"parser": "Built-in Files/Network Vendors/Palo Alto/Palo Alto Firewall/show routing multicast route [Palo Alto Firewall]", "variable": "show_mroute", "gb": true}], "interface-position": [{"interface-type": "IPv4 Interface", "position": [{"parser": "Built-in Files/Network Vendors/Palo Alto/Palo Alto Firewall/show counter interface all [Palo Alto Firewall]", "variable": "hardware_interfaces_counters.hardware_receive_errors", "gb": true}, {"parser": "Built-in Files/Network Vendors/Palo Alto/Palo Alto Firewall/show interface hardware [Palo Alto Firewall]", "variable": "interface_hardware.speed_duplex_state", "gb": true}, {"parser": "Built-in Files/Network Vendors/Palo Alto/Palo Alto Firewall/show counter interface all [Palo Alto Firewall]", "variable": "logical_interfaces_counters.logical_receive_errors", "gb": true}, {"parser": "Built-in Files/Network Vendors/Palo Alto/Palo Alto Firewall/show routing multicast igmp membership [Palo Alto Firewall]", "variable": "igmp_groups.group", "gb": true}]}]}}, {"feature-name": "vlan", "patterns-to-match": [{"patterns": [{"regex": "vlan {"}]}], "op-cmds": ["show vlan all //done"], "dvt": {"node-type": "Legacy Device", "filter-criteria": {"device-type": ["Palo Alto Firewall"], "feature-name": ["vlan"]}, "device-position": [{"parser": "Built-in Files/Network Vendors/Palo Alto/Palo Alto Firewall/show vlan all [Palo Alto Firewall]", "variable": "vlans_table", "gb": true}], "interface-position": [{"interface-type": "IPv4 Interface", "position": [{"parser": "Built-in Files/Network Vendors/Palo Alto/Palo Alto Firewall/show counter interface all [Palo Alto Firewall]", "variable": "hardware_interfaces_counters.hardware_receive_errors", "gb": true}, {"parser": "Built-in Files/Network Vendors/Palo Alto/Palo Alto Firewall/show interface hardware [Palo Alto Firewall]", "variable": "interface_hardware.speed_duplex_state", "gb": true}, {"parser": "Built-in Files/Network Vendors/Palo Alto/Palo Alto Firewall/show counter interface all [Palo Alto Firewall]", "variable": "logical_interfaces_counters.logical_receive_errors", "gb": true}, {"parser": "Built-in Files/Network Vendors/Palo Alto/Palo Alto Firewall/show vlan all [Palo Alto Firewall]", "variable": "vlans_table.name", "gb": true}]}]}}]}