{
	"Customer" : {
		"table" : "Customer",
		"first_row" : 14,
		"first_col" : 1,
		"field_row" : 19,
		"pri_key_row" : 20,
		"match_keys" : [
			"name"
		]
	},
	"RunningApiTask" : {
		"table" : "RunningApiTask",
		"first_row" : 1,
		"first_col" : 0,
		"field_row" : 4,
		"pri_key_row" : 5,
		"match_keys" : [
			"id"
		]
	},
	"FinishApiTask" : {
		"table" : "FinishApiTask",
		"first_row" : 1,
		"first_col" : 0,
		"field_row" : 4,
		"pri_key_row" : 5,
		"match_keys" : [
			"id"
		]
	},
	"TimeoutApiTask" : {
		"table" : "TimeoutApiTask",
		"first_row" : 1,
		"first_col" : 0,
		"field_row" : 4,
		"pri_key_row" : 5,
		"match_keys" : [
			"id"
		]
	},
	"rm_begin" : {
		"table" : "rm_begin",
		"first_row" : 1,
		"first_col" : 0,
		"field_row" : 4,
		"pri_key_row" : 5,
		"match_keys" : [
			"taskid"
		],
		"time_fields" : [
			"time"
		]
	},
	"rm_end" : {
		"table" : "rm_end",
		"first_row" : 1,
		"first_col" : 0,
		"field_row" : 4,
		"pri_key_row" : 5,
		"match_keys" : [
			"taskid"
		],
		"time_fields" : [
			"time"
		]
	}

}