{"driver-list": ["Cisco ASA Firewall"], "feature-list": [{"feature-name": "general", "op-cmds": ["show running-config", "show logging message", "show cpu usage //done", "show memory //done"], "dvt": {"node-type": "Legacy Device", "filter-criteria": {"device-type": ["Cisco ASA Firewall"], "feature-name": ["general"]}, "device-position": [{"parser": "Built-in Files/Network Vendors/Cisco/Cisco ASA/show cpu usage [Cisco ASA Firewall]", "variable": "five_min_cpu_usage", "gb": true}, {"parser": "Built-in Files/Network Vendors/Cisco/Cisco ASA/show memory [Cisco ASA Firewall]", "variable": "used_mem_utl", "gb": true}]}}, {"feature-name": "inventory", "op-cmds": ["show inventory", "show version", "show module //done", "dir //done"], "dvt": {"node-type": "Legacy Device", "filter-criteria": {"device-type": ["Cisco ASA Firewall"], "feature-name": ["inventory"]}, "device-position": [{"parser": "Built-in Files/Network Vendors/Cisco/Cisco ASA/show module [Cisco ASA Firewall]", "variable": "per_mod_info"}, {"parser": "Built-in Files/Network Vendors/Cisco/Cisco ASA/show module [Cisco ASA Firewall]", "variable": "per_mod_status_parag"}, {"parser": "Built-in Files/Network Vendors/Cisco/Cisco ASA/dir [Cisco ASA Firewall]", "variable": "dir_table"}]}}, {"feature-name": "interfaces", "op-cmds": ["show interface detail", "show interface ip brief //done", "show interface stats", "show interface //done"], "dvt": {"node-type": "Legacy Device", "filter-criteria": {"device-type": ["Cisco ASA Firewall"], "feature-name": ["interfaces"]}, "device-position": [{"parser": "Built-in Files/Network Vendors/Cisco/Cisco ASA/show interface ip brief [Cisco ASA Firewall]", "variable": "interface_status", "gb": true}, {"parser": "Built-in Files/Network Vendors/Cisco/Cisco ASA/show interface [Cisco ASA Firewall]", "variable": "intfs_table", "gb": true}], "interface-position": [{"interface-type": "IPv4 Interface", "position": [{"parser": "Built-in Files/Network Vendors/Cisco/Cisco ASA/show interface [Cisco ASA Firewall]", "variable": "intfs_table.status", "gb": true}, {"parser": "Built-in Files/Network Vendors/Cisco/Cisco ASA/show interface [Cisco ASA Firewall]", "variable": "intfs_table.input_errors", "gb": true}, {"parser": "Built-in Files/Network Vendors/Cisco/Cisco ASA/show interface [Cisco ASA Firewall]", "variable": "intfs_table.crc", "gb": true}, {"parser": "Built-in Files/Network Vendors/Cisco/Cisco ASA/show interface [Cisco ASA Firewall]", "variable": "intfs_table.output_error", "gb": true}]}]}}, {"feature-name": "ntp", "op-cmds": ["show ntp associations", "show ntp status"], "patterns-to-match": [{"patterns": [{"regex": "^ntp server .+"}]}]}, {"feature-name": "aaa", "op-cmds": ["show aaa", "show aaa-server"], "patterns-to-match": [{"patterns": [{"regex": "^aaa authorization.+"}]}, {"patterns": [{"regex": "^aaa authentication.+"}]}]}, {"feature-name": "ipsec-vpn", "op-cmds": ["show ipsec df-bit", "show ipsec policy", "show ipsec sa", "show ipsec stats", "show crypto ipsec sa //done", "show crypto isakmp sa //done", "show vpn-sessiondb summary //done"], "patterns-to-match": [{"patterns": [{"regex": "^crypto ike.+"}]}], "dvt": {"node-type": "Legacy Device", "filter-criteria": {"device-type": ["Cisco ASA Firewall"], "feature-name": ["ipsec-vpn"]}, "device-position": [{"parser": "Built-in Files/Network Vendors/Cisco/Cisco ASA/show crypto isakmp sa [Cisco ASA Firewall]", "variable": "active_sa", "gb": true}, {"parser": "Built-in Files/Network Vendors/Cisco/Cisco ASA/show crypto isakmp sa [Cisco ASA Firewall]", "variable": "total_sa", "gb": true}, {"parser": "Built-in Files/Network Vendors/Cisco/Cisco ASA/show crypto isakmp sa [Cisco ASA Firewall]", "variable": "isakmp_sa", "gb": true}, {"parser": "Built-in Files/Network Vendors/Cisco/Cisco ASA/show crypto ipsec sa [Cisco ASA Firewall]", "variable": "intfs", "gb": true}]}}, {"feature-name": "nat", "op-cmds": ["show nat detail", "show nat interface", "show nat object", "show nat pool", "show nat translated"], "patterns-to-match": [{"patterns": [{"regex": "^\\s+nat.+"}]}]}, {"feature-name": "ipv6", "op-cmds": ["show ipv6 access-list", "show ipv6 interface", "show ipv6 ospf", "show ipv6 route", "show ipv6 traffic"], "patterns-to-match": [{"patterns": [{"regex": "ipv6"}]}]}, {"feature-name": "ha", "op-cmds": ["show failover //done", "show monitor-interface", "show running-config failover"], "patterns-to-match": [{"patterns": [{"regex": "^failover"}]}], "dvt": {"node-type": "Legacy Device", "filter-criteria": {"device-type": ["Cisco ASA Firewall"], "feature-name": ["ha"]}, "device-position": [{"parser": "Built-in Files/Network Vendors/Cisco/Cisco ASA/show failover [Cisco ASA Firewall]", "variable": "failover_state", "gb": true}, {"parser": "Built-in Files/Network Vendors/Cisco/Cisco ASA/show failover [Cisco ASA Firewall]", "variable": "failover_unit", "gb": true}, {"parser": "Built-in Files/Network Vendors/Cisco/Cisco ASA/show failover [Cisco ASA Firewall]", "variable": "failover_interfaces", "gb": true}, {"parser": "Built-in Files/Network Vendors/Cisco/Cisco ASA/show failover [Cisco ASA Firewall]", "variable": "host_table", "gb": true}]}}, {"feature-name": "bgp", "op-cmds": ["show bgp cidr-only", "show asp table socket", "show bgp neighbors //done", "show route bgp", "show bgp summary //done", "show cap bgp detail", "show asp table routing"], "patterns-to-match": [{"patterns": [{"regex": "^router bgp"}]}], "dvt": {"node-type": "Legacy Device", "filter-criteria": {"device-type": ["Cisco ASA Firewall"], "feature-name": ["bgp"]}, "device-position": [{"parser": "Built-in Files/Network Vendors/Cisco/Cisco ASA/show bgp summary [Cisco ASA Firewall]", "variable": "rid", "gb": true}, {"parser": "Built-in Files/Network Vendors/Cisco/Cisco ASA/show bgp summary [Cisco ASA Firewall]", "variable": "local_as", "gb": true}, {"parser": "Built-in Files/Network Vendors/Cisco/Cisco ASA/show bgp neighbors [Cisco ASA Firewall]", "variable": "bgp_nbrs", "gb": true}, {"parser": "Built-in Files/Network Vendors/Cisco/Cisco ASA/show bgp summary [Cisco ASA Firewall]", "variable": "bgp_summary_table", "gb": true}]}}, {"feature-name": "ospf", "op-cmds": ["show ospf //done", "show ospf border-routers", "show ospf database summary //done", "show ospf events", "show ospf interface //done", "show ospf neighbors //done", "show ospf neighbor detail //done", "show ospf request-list", "show ospf retransmission-list", "show ospf rib", "show ospf statistics", "show ospf summary-address", "show ospf traffic"], "patterns-to-match": [{"patterns": [{"regex": "^router ospf"}]}], "dvt": {"node-type": "Legacy Device", "filter-criteria": {"device-type": ["Cisco ASA Firewall"], "feature-name": ["ospf"]}, "device-position": [{"parser": "Built-in Files/Network Vendors/Cisco/Cisco ASA/show ospf [Cisco ASA Firewall]", "variable": "ospf", "gb": true}, {"parser": "Built-in Files/Network Vendors/Cisco/Cisco ASA/show ospf neighbor detail [Cisco ASA Firewall]", "variable": "ospf_nbr", "gb": true}, {"parser": "Built-in Files/Network Vendors/Cisco/Cisco ASA/show ospf interface [Cisco ASA Firewall]", "variable": "ospf_per_interface_parag", "gb": true}, {"parser": "Built-in Files/Network Vendors/Cisco/Cisco ASA/show ospf database summary [Cisco ASA Firewall]", "variable": "ospf_per_area_db", "gb": true}]}}, {"feature-name": "ospfv3", "op-cmds": ["show ipv6 ospf", "show ipv6 ospf border-routers", "show ipv6 ospf database", "show ipv6 ospf events", "show ipv6 ospf flood-list", "show ipv6 ospf graceful-restart", "show ipv6 ospf interface", "show ipv6 ospf neighbor", "show ipv6 ospf request-list", "show ipv6 ospf retransmission-list", "show ipv6 ospf statistic", "show ipv6 ospf summary-prefix", "show ipv6 ospf timers", "show ipv6 ospf traffic", "show ipv6 ospf virtual-links", "show ospf", "show running-config ipv6 router"], "patterns-to-match": [{"patterns": [{"regex": "^ipv6 router ospf"}]}]}, {"feature-name": "dhcp", "op-cmds": ["show running-config dhcpd", "show running-config dhcprelay", "show ipv6 dhcprelay binding", "show ipv6 dhcprelay statistics"], "patterns-to-match": [{"patterns": [{"regex": "^dhcp"}]}]}, {"feature-name": "isis", "op-cmds": ["show isis database //done", "show isis ip rib", "show isis ip spf-log", "show isis ip topology", "show isis ip unicast", "show isis lsp-log", "show isis spf-log", "show clns protocol //done", "show clns neighbors", "show clns traffic //done", "show clns interface //done", "show isis neighbors //done", "show isis neighbors detail //done", "show isis topology //done"], "patterns-to-match": [{"patterns": [{"regex": "^router isis"}]}], "dvt": {"node-type": "Legacy Device", "filter-criteria": {"device-type": ["Cisco ASA Firewall"], "feature-name": ["isis"]}, "device-position": [{"parser": "Built-in Files/Network Vendors/Cisco/Cisco ASA/show isis neighbors [Cisco ASA Firewall]", "variable": "isis_nbrs", "gb": true}, {"parser": "Built-in Files/Network Vendors/Cisco/Cisco ASA/show clns interface [Cisco ASA Firewall]", "variable": "intfs", "gb": true}, {"parser": "Built-in Files/Network Vendors/Cisco/Cisco ASA/show isis topology [Cisco ASA Firewall]", "variable": "isis_topology", "gb": true}], "interface-position": [{"interface-type": "IPv4 Interface", "position": [{"parser": "Built-in Files/Network Vendors/Cisco/Cisco ASA/show clns interface [Cisco ASA Firewall]", "variable": "intfs.physical_state", "gb": true}, {"parser": "Built-in Files/Network Vendors/Cisco/Cisco ASA/show clns interface [Cisco ASA Firewall]", "variable": "intfs.mtu", "gb": true}, {"parser": "Built-in Files/Network Vendors/Cisco/Cisco ASA/show clns interface [Cisco ASA Firewall]", "variable": "intfs.protocol_state", "gb": true}, {"parser": "Built-in Files/Network Vendors/Cisco/Cisco ASA/show clns interface [Cisco ASA Firewall]", "variable": "intfs.circuit_type", "gb": true}]}]}}, {"feature-name": "vlan", "op-cmds": ["show vlan", "show vlan mapping"], "patterns-to-match": [{"patterns": [{"regex": "^vlan"}]}]}, {"feature-name": "multicast", "op-cmds": ["show pim interface //done", "show mroute count //done", "show mroute //done", "show igmp interface //done", "show igmp groups //done"], "patterns-to-match": [{"patterns": [{"regex": "^pim rp-address"}]}], "dvt": {"node-type": "Legacy Device", "filter-criteria": {"device-type": ["Cisco ASA Firewall"], "feature-name": ["multicast"]}, "device-position": [{"parser": "Built-in Files/Network Vendors/Cisco/Cisco ASA/show igmp groups [Cisco ASA Firewall]", "variable": "igmp_groups", "gb": true}, {"parser": "Built-in Files/Network Vendors/Cisco/Cisco ASA/show pim interface [Cisco ASA Firewall]", "variable": "pim_intfs", "gb": true}, {"parser": "Built-in Files/Network Vendors/Cisco/Cisco ASA/show mroute [Cisco ASA Firewall]", "variable": "out_int_list_parag", "gb": true}, {"parser": "Built-in Files/Network Vendors/Cisco/Cisco ASA/show mroute count [Cisco ASA Firewall]", "variable": "rpf_fails", "gb": true}], "interface-position": [{"interface-type": "IPv4 Interface", "position": [{"parser": "Built-in Files/Network Vendors/Cisco/Cisco ASA/show pim interface [Cisco ASA Firewall]", "variable": "pim_intfs.nbr_count", "gb": true}, {"parser": "Built-in Files/Network Vendors/Cisco/Cisco ASA/show pim interface [Cisco ASA Firewall]", "variable": "pim_intfs.version_mode", "gb": true}]}]}}, {"feature-name": "access-list", "op-cmds": ["show access list", "show running-config access-list"], "patterns-to-match": [{"patterns": [{"regex": "^access-list"}]}]}, {"feature-name": "eigrp", "op-cmds": ["show eigrp interfaces //done", "show eigrp interfaces detail //done", "show eigrp neighbors //done"], "patterns-to-match": [{"patterns": [{"regex": "^router eigrp \\d+$"}]}], "dvt": {"node-type": "Legacy Device", "filter-criteria": {"device-type": ["Cisco ASA Firewall"], "feature-name": ["eigrp"]}, "device-position": [{"parser": "Built-in Files/Network Vendors/Cisco/Cisco ASA/show eigrp neighbors [Cisco ASA Firewall]", "variable": "eigrp_nbrs", "gb": true}, {"parser": "Built-in Files/Network Vendors/Cisco/Cisco ASA/show eigrp interfaces [Cisco ASA Firewall]", "variable": "eigrp_intfs", "gb": true}], "interface-position": [{"interface-type": "IPv4 Interface", "position": [{"parser": "Built-in Files/Network Vendors/Cisco/Cisco ASA/show eigrp interfaces [Cisco ASA Firewall]", "variable": "eigrp_intfs.as", "gb": true}, {"parser": "Built-in Files/Network Vendors/Cisco/Cisco ASA/show eigrp interfaces [Cisco ASA Firewall]", "variable": "eigrp_intfs.pending_routes", "gb": true}, {"parser": "Built-in Files/Network Vendors/Cisco/Cisco ASA/show eigrp interfaces [Cisco ASA Firewall]", "variable": "eigrp_intfs.peers", "gb": true}]}]}}]}