{"driver-list": ["Alcatel OmniSwitch", "Alcatel OmniStack"], "feature-list": [{"feature-name": "general", "op-cmds": ["show health all cpu //done", "show health all memory //done", "show user //done", "show system //done"], "dvt": {"node-type": "Legacy Device", "filter-criteria": {"device-type": ["Alcatel OmniSwitch", "Alcatel OmniStack Switch"], "feature-name": ["general"]}, "device-position": [{"parser": "Built-in Files/Network Vendors/Alcatel Lucent/Alcatel Lucent OmniSwitch/show system [Alcatel Lucent OmniSwitch]", "variable": "name", "gb": true}, {"parser": "Built-in Files/Network Vendors/Alcatel Lucent/Alcatel Lucent OmniSwitch/show system [Alcatel Lucent OmniSwitch]", "variable": "description"}, {"parser": "Built-in Files/Network Vendors/Alcatel Lucent/Alcatel Lucent OmniSwitch/show health all cpu [Alcatel Lucent OmniSwitch]", "variable": "process_cpu_table"}, {"parser": "Built-in Files/Network Vendors/Alcatel Lucent/Alcatel Lucent OmniSwitch/show health all memory [Alcatel Lucent OmniSwitch]", "variable": "memory"}, {"parser": "Built-in Files/Network Vendors/Alcatel Lucent/Alcatel Lucent OmniSwitch/show user [Alcatel Lucent OmniSwitch]", "variable": "user_table"}]}}, {"feature-name": "bgp", "patterns-to-match": [{"patterns": [{"mregex": "TO-BE-ADDED-LATER"}]}], "op-cmds": ["show ip bgp neighbors //done", "show ip bgp //done"], "dvt": {"node-type": "Legacy Device", "filter-criteria": {"device-type": ["Alcatel OmniSwitch", "Alcatel OmniStack Switch"], "feature-name": ["bgp"]}, "device-position": [{"parser": "Built-in Files/Network Vendors/Alcatel Lucent/Alcatel Lucent OmniSwitch/show ip bgp [Alcatel Lucent OmniSwitch]", "variable": "admin_status", "gb": true}, {"parser": "Built-in Files/Network Vendors/Alcatel Lucent/Alcatel Lucent OmniSwitch/show ip bgp [Alcatel Lucent OmniSwitch]", "variable": "operational_status", "gb": true}, {"parser": "Built-in Files/Network Vendors/Alcatel Lucent/Alcatel Lucent OmniSwitch/show ip bgp [Alcatel Lucent OmniSwitch]", "variable": "autonomous_system_num"}, {"parser": "Built-in Files/Network Vendors/Alcatel Lucent/Alcatel Lucent OmniSwitch/show ip bgp [Alcatel Lucent OmniSwitch]", "variable": "bgp_rid"}, {"parser": "Built-in Files/Network Vendors/Alcatel Lucent/Alcatel Lucent OmniSwitch/show ip bgp neighbors [Alcatel Lucent OmniSwitch]", "variable": "bgp_neighbor_table", "gb": true}, {"parser": "Built-in Files/Network Vendors/Alcatel Lucent/Alcatel Lucent OmniSwitch/show ip bgp [Alcatel Lucent OmniSwitch]", "variable": "route_reflection"}]}}, {"feature-name": "multicast", "patterns-to-match": [{"patterns": [{"mregex": "TO-BE-ADDED-LATER"}]}], "op-cmds": ["show ip multicast group //done", "show ip multicast port //done", "show ip mroute //done", "show ip multicast forward //done", "show ip pim interface //done", "show ip pim neighbor //done"], "dvt": {"node-type": "Legacy Device", "filter-criteria": {"device-type": ["Alcatel OmniSwitch", "Alcatel OmniStack Switch"], "feature-name": ["multicast"]}, "device-position": [{"parser": "Built-in Files/Network Vendors/Alcatel Lucent/Alcatel Lucent OmniSwitch/show ip multicast group [Alcatel Lucent OmniSwitch]", "variable": "group_num"}, {"parser": "Built-in Files/Network Vendors/Alcatel Lucent/Alcatel Lucent OmniSwitch/show ip multicast group [Alcatel Lucent OmniSwitch]", "variable": "multicast_group_table", "gb": true}, {"parser": "Built-in Files/Network Vendors/Alcatel Lucent/Alcatel Lucent OmniSwitch/show ip multicast port [Alcatel Lucent OmniSwitch]", "variable": "multicast_port_table"}, {"parser": "Built-in Files/Network Vendors/Alcatel Lucent/Alcatel Lucent OmniSwitch/show ip mroute [Alcatel Lucent OmniSwitch]", "variable": "mroute_table", "gb": true}, {"parser": "Built-in Files/Network Vendors/Alcatel Lucent/Alcatel Lucent OmniSwitch/show ip pim interface [Alcatel Lucent OmniSwitch]", "variable": "pim_intf_table", "gb": true}, {"parser": "Built-in Files/Network Vendors/Alcatel Lucent/Alcatel Lucent OmniSwitch/show ip pim neighbor [Alcatel Lucent OmniSwitch]", "variable": "pim_nbr_table", "gb": true}], "interface-position": [{"interface-type": "IPv4 Interface", "position": [{"parser": "Built-in Files/Network Vendors/Alcatel Lucent/Alcatel Lucent OmniSwitch/show ip pim interface [Alcatel Lucent OmniSwitch]", "variable": "pim_intf_table.hello_interval"}, {"parser": "Built-in Files/Network Vendors/Alcatel Lucent/Alcatel Lucent OmniSwitch/show ip pim interface [Alcatel Lucent OmniSwitch]", "variable": "pim_intf_table.oper_status", "gb": true}, {"parser": "Built-in Files/Network Vendors/Alcatel Lucent/Alcatel Lucent OmniSwitch/show ip pim interface [Alcatel Lucent OmniSwitch]", "variable": "pim_intf_table.ip_addr"}, {"parser": "Built-in Files/Network Vendors/Alcatel Lucent/Alcatel Lucent OmniSwitch/show ip pim interface [Alcatel Lucent OmniSwitch]", "variable": "pim_intf_table.intf_name", "gb": true}, {"parser": "Built-in Files/Network Vendors/Alcatel Lucent/Alcatel Lucent OmniSwitch/show ip pim interface [Alcatel Lucent OmniSwitch]", "variable": "pim_intf_table.designated_router"}]}]}}, {"feature-name": "interface", "op-cmds": ["show interfaces //done", "show interfaces status //done", "show ip interface //done"], "dvt": {"node-type": "Legacy Device", "filter-criteria": {"device-type": ["Alcatel OmniSwitch", "Alcatel OmniStack Switch"], "feature-name": ["interface"]}, "interface-position": [{"interface-type": "IPv4 Interface", "position": [{"parser": "Built-in Files/Network Vendors/Alcatel Lucent/Alcatel Lucent OmniSwitch/show ip interface [Alcatel Lucent OmniSwitch]", "variable": "intfs.name"}, {"parser": "Built-in Files/Network Vendors/Alcatel Lucent/Alcatel Lucent OmniSwitch/show ip interface [Alcatel Lucent OmniSwitch]", "variable": "intfs.ip_address"}, {"parser": "Built-in Files/Network Vendors/Alcatel Lucent/Alcatel Lucent OmniSwitch/show ip interface [Alcatel Lucent OmniSwitch]", "variable": "intfs.status", "gb": true}, {"parser": "Built-in Files/Network Vendors/Alcatel Lucent/Alcatel Lucent OmniSwitch/show ip interface [Alcatel Lucent OmniSwitch]", "variable": "intfs.subnet_mask"}, {"parser": "Built-in Files/Network Vendors/Alcatel Lucent/Alcatel Lucent OmniSwitch/show ip interface [Alcatel Lucent OmniSwitch]", "variable": "intfs.forward"}, {"parser": "Built-in Files/Network Vendors/Alcatel Lucent/Alcatel Lucent OmniSwitch/show ip interface [Alcatel Lucent OmniSwitch]", "variable": "intfs.device"}]}, {"interface-type": "Interface", "position": [{"parser": "Built-in Files/Network Vendors/Alcatel Lucent/Alcatel Lucent OmniSwitch/show interfaces [Alcatel Lucent OmniSwitch]", "variable": "intfs.intf"}, {"parser": "Built-in Files/Network Vendors/Alcatel Lucent/Alcatel Lucent OmniSwitch/show interfaces [Alcatel Lucent OmniSwitch]", "variable": "intfs.operational_status", "gb": true}, {"parser": "Built-in Files/Network Vendors/Alcatel Lucent/Alcatel Lucent OmniSwitch/show interfaces [Alcatel Lucent OmniSwitch]", "variable": "intfs.mac_address"}, {"parser": "Built-in Files/Network Vendors/Alcatel Lucent/Alcatel Lucent OmniSwitch/show interfaces [Alcatel Lucent OmniSwitch]", "variable": "intfs.bandwidth"}, {"parser": "Built-in Files/Network Vendors/Alcatel Lucent/Alcatel Lucent OmniSwitch/show interfaces [Alcatel Lucent OmniSwitch]", "variable": "intfs.duplex", "gb": true}, {"parser": "Built-in Files/Network Vendors/Alcatel Lucent/Alcatel Lucent OmniSwitch/show interfaces [Alcatel Lucent OmniSwitch]", "variable": "intfs.type", "gb": true}]}]}}, {"feature-name": "inventory", "op-cmds": ["show transceivers //done", "show module //done"], "dvt": {"node-type": "Legacy Device", "filter-criteria": {"device-type": ["Alcatel OmniSwitch", "Alcatel OmniStack Switch"], "feature-name": ["inventory"]}, "device-position": [{"parser": "Built-in Files/Network Vendors/Alcatel Lucent/Alcatel Lucent OmniSwitch/show transceivers [Alcatel Lucent OmniSwitch]", "variable": "transceiver_table", "gb": true}, {"parser": "Built-in Files/Network Vendors/Alcatel Lucent/Alcatel Lucent OmniSwitch/show module [Alcatel Lucent OmniSwitch]", "variable": "module_table", "gb": true}]}}, {"feature-name": "routing-general", "op-cmds": ["show ip protocols //done"], "dvt": {"node-type": "Legacy Device", "filter-criteria": {"device-type": ["Alcatel OmniSwitch", "Alcatel OmniStack Switch"], "feature-name": ["routing-general"]}, "device-position": [{"parser": "Built-in Files/Network Vendors/Alcatel Lucent/Alcatel Lucent OmniSwitch/show ip protocols [Alcatel Lucent OmniSwitch]", "variable": "Protocols", "gb": true}]}}, {"feature-name": "ipsec-vpn", "patterns-to-match": [{"patterns": [{"regex": "TO-BE-ADDED-LATER"}]}], "op-cmds": ["show ipsec sa //done"], "dvt": {"node-type": "Legacy Device", "filter-criteria": {"device-type": ["Alcatel OmniSwitch", "Alcatel OmniStack Switch"], "feature-name": ["ipsec-vpn"]}, "device-position": [{"parser": "Built-in Files/Network Vendors/Alcatel Lucent/Alcatel Lucent OmniSwitch/show ipsec sa [Alcatel Lucent OmniSwitch]", "variable": "ipsec_sa_table", "gb": true}]}}, {"feature-name": "isis", "patterns-to-match": [{"patterns": [{"regex": "TO-BE-ADDED-LATER"}]}], "op-cmds": ["show ip isis adjacency detail //done", "show ip isis adjacency //done", "show ip isis database //done", "show ip isis vlan //done", "show isis status //done", "show ip isis statistics //done", "show ip isis spf //done"], "dvt": {"node-type": "Legacy Device", "filter-criteria": {"device-type": ["Alcatel OmniSwitch", "Alcatel OmniStack Switch"], "feature-name": ["isis"]}, "device-position": [{"parser": "Built-in Files/Network Vendors/Alcatel Lucent/Alcatel Lucent OmniSwitch/show isis status [Alcatel Lucent OmniSwitch]", "variable": "system_id"}, {"parser": "Built-in Files/Network Vendors/Alcatel Lucent/Alcatel Lucent OmniSwitch/show ip isis statistics [Alcatel Lucent OmniSwitch]", "variable": "isis_instance", "gb": true}, {"parser": "Built-in Files/Network Vendors/Alcatel Lucent/Alcatel Lucent OmniSwitch/show isis status [Alcatel Lucent OmniSwitch]", "variable": "admin_state"}, {"parser": "Built-in Files/Network Vendors/Alcatel Lucent/Alcatel Lucent OmniSwitch/show isis status [Alcatel Lucent OmniSwitch]", "variable": "protocol_enable"}, {"parser": "Built-in Files/Network Vendors/Alcatel Lucent/Alcatel Lucent OmniSwitch/show ip isis adjacency [Alcatel Lucent OmniSwitch]", "variable": "adjacency", "gb": true}, {"parser": "Built-in Files/Network Vendors/Alcatel Lucent/Alcatel Lucent OmniSwitch/show ip isis database [Alcatel Lucent OmniSwitch]", "variable": "data_table"}, {"parser": "Built-in Files/Network Vendors/Alcatel Lucent/Alcatel Lucent OmniSwitch/show ip isis spf [Alcatel Lucent OmniSwitch]", "variable": "path_table"}, {"parser": "Built-in Files/Network Vendors/Alcatel Lucent/Alcatel Lucent OmniSwitch/show ip isis statistics [Alcatel Lucent OmniSwitch]", "variable": "statis_table"}], "interface-position": [{"interface-type": "IPv4 Interface", "position": [{"parser": "Built-in Files/Network Vendors/Alcatel Lucent/Alcatel Lucent OmniSwitch/show ip isis vlan [Alcatel Lucent OmniSwitch]", "variable": "vlan_table.intf", "gb": true}, {"parser": "Built-in Files/Network Vendors/Alcatel Lucent/Alcatel Lucent OmniSwitch/show ip isis vlan [Alcatel Lucent OmniSwitch]", "variable": "vlan_table.level"}, {"parser": "Built-in Files/Network Vendors/Alcatel Lucent/Alcatel Lucent OmniSwitch/show ip isis vlan [Alcatel Lucent OmniSwitch]", "variable": "vlan_table.address_family"}, {"parser": "Built-in Files/Network Vendors/Alcatel Lucent/Alcatel Lucent OmniSwitch/show ip isis vlan [Alcatel Lucent OmniSwitch]", "variable": "vlan_table.vlanid", "gb": true}, {"parser": "Built-in Files/Network Vendors/Alcatel Lucent/Alcatel Lucent OmniSwitch/show ip isis vlan [Alcatel Lucent OmniSwitch]", "variable": "vlan_table.oper_state", "gb": true}, {"parser": "Built-in Files/Network Vendors/Alcatel Lucent/Alcatel Lucent OmniSwitch/show ip isis vlan [Alcatel Lucent OmniSwitch]", "variable": "vlan_table.admin_state"}, {"parser": "Built-in Files/Network Vendors/Alcatel Lucent/Alcatel Lucent OmniSwitch/show ip isis vlan [Alcatel Lucent OmniSwitch]", "variable": "vlan_table.metric"}]}]}}, {"feature-name": "ntp", "patterns-to-match": [{"patterns": [{"regex": "TO-BE-ADDED-LATER"}]}], "op-cmds": ["show ntp status //done"], "dvt": {"node-type": "Legacy Device", "filter-criteria": {"device-type": ["Alcatel OmniSwitch", "Alcatel OmniStack Switch"], "feature-name": ["ntp"]}, "device-position": [{"parser": "Built-in Files/Network Vendors/Alcatel Lucent/Alcatel Lucent OmniSwitch/show ntp status [Alcatel Lucent OmniSwitch]", "variable": "current_time"}, {"parser": "Built-in Files/Network Vendors/Alcatel Lucent/Alcatel Lucent OmniSwitch/show ntp status [Alcatel Lucent OmniSwitch]", "variable": "last_ntp_update"}, {"parser": "Built-in Files/Network Vendors/Alcatel Lucent/Alcatel Lucent OmniSwitch/show ntp status [Alcatel Lucent OmniSwitch]", "variable": "server_reference"}, {"parser": "Built-in Files/Network Vendors/Alcatel Lucent/Alcatel Lucent OmniSwitch/show ntp status [Alcatel Lucent OmniSwitch]", "variable": "stratum"}, {"parser": "Built-in Files/Network Vendors/Alcatel Lucent/Alcatel Lucent OmniSwitch/show ntp status [Alcatel Lucent OmniSwitch]", "variable": "src_ip_configuration"}, {"parser": "Built-in Files/Network Vendors/Alcatel Lucent/Alcatel Lucent OmniSwitch/show ntp status [Alcatel Lucent OmniSwitch]", "variable": "vrf_name", "gb": true}]}}, {"feature-name": "ospf", "patterns-to-match": [{"patterns": [{"regex": "TO-BE-ADDED-LATER"}]}], "op-cmds": ["show ip ospf lsdb //done", "show ip ospf interface //done", "show ip ospf neighbor //done", "show ip ospf //done"], "dvt": {"node-type": "Legacy Device", "filter-criteria": {"device-type": ["Alcatel OmniSwitch", "Alcatel OmniStack Switch"], "feature-name": ["ospf"]}, "device-position": [{"parser": "Built-in Files/Network Vendors/Alcatel Lucent/Alcatel Lucent OmniSwitch/show ip ospf [Alcatel Lucent OmniSwitch]", "variable": "ospf_protocol"}, {"parser": "Built-in Files/Network Vendors/Alcatel Lucent/Alcatel Lucent OmniSwitch/show ip ospf lsdb [Alcatel Lucent OmniSwitch]", "variable": "ospf_lsdb_table", "gb": true}, {"parser": "Built-in Files/Network Vendors/Alcatel Lucent/Alcatel Lucent OmniSwitch/show ip ospf neighbor [Alcatel Lucent OmniSwitch]", "variable": "ospf_nbr_table", "gb": true}], "interface-position": [{"interface-type": "IPv4 Interface", "position": [{"parser": "Built-in Files/Network Vendors/Alcatel Lucent/Alcatel Lucent OmniSwitch/show ip pim interface [Alcatel Lucent OmniSwitch]", "variable": "pim_intf_table.ip_addr"}, {"parser": "Built-in Files/Network Vendors/Alcatel Lucent/Alcatel Lucent OmniSwitch/show ip pim interface [Alcatel Lucent OmniSwitch]", "variable": "pim_intf_table.hello_interval"}, {"parser": "Built-in Files/Network Vendors/Alcatel Lucent/Alcatel Lucent OmniSwitch/show ip pim interface [Alcatel Lucent OmniSwitch]", "variable": "pim_intf_table.designated_router"}, {"parser": "Built-in Files/Network Vendors/Alcatel Lucent/Alcatel Lucent OmniSwitch/show ip pim interface [Alcatel Lucent OmniSwitch]", "variable": "pim_intf_table.j_p_interval"}, {"parser": "Built-in Files/Network Vendors/Alcatel Lucent/Alcatel Lucent OmniSwitch/show ip pim interface [Alcatel Lucent OmniSwitch]", "variable": "pim_intf_table.oper_status", "gb": true}, {"parser": "Built-in Files/Network Vendors/Alcatel Lucent/Alcatel Lucent OmniSwitch/show ip pim interface [Alcatel Lucent OmniSwitch]", "variable": "pim_intf_table.intf_name", "gb": true}]}]}}, {"feature-name": "sflow", "patterns-to-match": [{"patterns": [{"regex": "TO-BE-ADDED-LATER"}]}], "op-cmds": ["show sflow receiver //done"], "dvt": {"node-type": "Legacy Device", "filter-criteria": {"device-type": ["Alcatel OmniSwitch", "Alcatel OmniStack Switch"], "feature-name": ["sflow"]}, "device-position": [{"parser": "Built-in Files/Network Vendors/Alcatel Lucent/Alcatel Lucent OmniSwitch/show sflow receiver [Alcatel Lucent OmniSwitch]", "variable": "receiver_table", "gb": true}]}}, {"feature-name": "spanning-tree", "patterns-to-match": [{"patterns": [{"regex": "TO-BE-ADDED-LATER"}]}], "op-cmds": ["show spantree ports //done", "show spantree mst //done", "show spantree mode //done", "show spantree //done"], "dvt": {"node-type": "Legacy Device", "filter-criteria": {"device-type": ["Alcatel OmniSwitch", "Alcatel OmniStack Switch"], "feature-name": ["spanning-tree"]}, "device-position": [{"parser": "Built-in Files/Network Vendors/Alcatel Lucent/Alcatel Lucent OmniSwitch/show spantree [Alcatel Lucent OmniSwitch]", "variable": "mode", "gb": true}, {"parser": "Built-in Files/Network Vendors/Alcatel Lucent/Alcatel Lucent OmniSwitch/show spantree [Alcatel Lucent OmniSwitch]", "variable": "spantree", "gb": true}, {"parser": "Built-in Files/Network Vendors/Alcatel Lucent/Alcatel Lucent OmniSwitch/show spantree mode [Alcatel Lucent OmniSwitch]", "variable": "current_running_mode"}, {"parser": "Built-in Files/Network Vendors/Alcatel Lucent/Alcatel Lucent OmniSwitch/show spantree mode [Alcatel Lucent OmniSwitch]", "variable": "current_protocol"}], "interface-position": [{"interface-type": "Interface", "position": [{"parser": "Built-in Files/Network Vendors/Alcatel Lucent/Alcatel Lucent OmniSwitch/show spantree ports [Alcatel Lucent OmniSwitch]", "variable": "spantree.role", "gb": true}, {"parser": "Built-in Files/Network Vendors/Alcatel Lucent/Alcatel Lucent OmniSwitch/show spantree ports [Alcatel Lucent OmniSwitch]", "variable": "spantree.oper_status", "gb": true}, {"parser": "Built-in Files/Network Vendors/Alcatel Lucent/Alcatel Lucent OmniSwitch/show spantree ports [Alcatel Lucent OmniSwitch]", "variable": "spantree.path_cost"}, {"parser": "Built-in Files/Network Vendors/Alcatel Lucent/Alcatel Lucent OmniSwitch/show spantree ports [Alcatel Lucent OmniSwitch]", "variable": "spantree.bridge"}, {"parser": "Built-in Files/Network Vendors/Alcatel Lucent/Alcatel Lucent OmniSwitch/show spantree ports [Alcatel Lucent OmniSwitch]", "variable": "spantree.port"}]}]}}, {"feature-name": "aaa", "patterns-to-match": [{"patterns": [{"regex": "TO-BE-ADDED-LATER"}]}], "op-cmds": ["show aaa server //done"], "dvt": {"node-type": "Legacy Device", "filter-criteria": {"device-type": ["Alcatel OmniSwitch", "Alcatel OmniStack Switch"], "feature-name": ["aaa"]}, "device-position": [{"parser": "Built-in Files/Network Vendors/Alcatel Lucent/Alcatel Lucent OmniSwitch/show aaa server [Alcatel Lucent OmniSwitch]", "variable": "aaa", "gb": true}]}}, {"feature-name": "vlan", "patterns-to-match": [{"patterns": [{"regex": "TO-BE-ADDED-LATER"}]}], "op-cmds": ["show vlan //done", "show mvrp statistics //done"], "dvt": {"node-type": "Legacy Device", "filter-criteria": {"device-type": ["Alcatel OmniSwitch", "Alcatel OmniStack Switch"]}, "device-position": [{"parser": "Built-in Files/Network Vendors/Alcatel Lucent/Alcatel Lucent OmniSwitch/show vlan [Alcatel Lucent OmniSwitch]", "variable": "vlan", "gb": true}, {"parser": "Built-in Files/Network Vendors/Alcatel Lucent/Alcatel Lucent OmniSwitch/show mvrp statistics [Alcatel Lucent OmniSwitch]", "variable": "mvrp_port"}], "interface-position": [{"interface-type": "Interface", "position": [{"parser": "Built-in Files/Network Vendors/Alcatel Lucent/Alcatel Lucent OmniSwitch/show spantree ports [Alcatel Lucent OmniSwitch]", "variable": "spantree.port", "gb": true}, {"parser": "Built-in Files/Network Vendors/Alcatel Lucent/Alcatel Lucent OmniSwitch/show spantree ports [Alcatel Lucent OmniSwitch]", "variable": "spantree.oper_status", "gb": true}, {"parser": "Built-in Files/Network Vendors/Alcatel Lucent/Alcatel Lucent OmniSwitch/show spantree ports [Alcatel Lucent OmniSwitch]", "variable": "spantree.path_cost", "gb": true}, {"parser": "Built-in Files/Network Vendors/Alcatel Lucent/Alcatel Lucent OmniSwitch/show spantree ports [Alcatel Lucent OmniSwitch]", "variable": "spantree.role", "gb": true}, {"parser": "Built-in Files/Network Vendors/Alcatel Lucent/Alcatel Lucent OmniSwitch/show spantree ports [Alcatel Lucent OmniSwitch]", "variable": "spantree.bridge"}]}]}}, {"feature-name": "vrf", "patterns-to-match": [{"patterns": [{"regex": "TO-BE-ADDED-LATER"}]}], "op-cmds": ["show vrf //done"], "dvt": {"node-type": "Legacy Device", "filter-criteria": {"device-type": ["Alcatel OmniSwitch", "Alcatel OmniStack Switch"], "feature-name": ["vrf"]}, "device-position": [{"parser": "Built-in Files/Network Vendors/Alcatel Lucent/Alcatel Lucent OmniSwitch/show vrf [Alcatel Lucent OmniSwitch]", "variable": "vrf", "gb": true}, {"parser": "Built-in Files/Network Vendors/Alcatel Lucent/Alcatel Lucent OmniSwitch/show vrf [Alcatel Lucent OmniSwitch]", "variable": "total", "gb": true}]}}]}