{"driver-list": ["Arista Switch"], "feature-list": [{"feature-name": "general", "op-cmds": ["show active", "dir //done", "dir flash //done", "show module all //done", "show processes //done", "show sflow //done"], "dvt": {"node-type": "Legacy Device", "filter-criteria": {"device-type": ["Arista Switch"], "feature-name": ["general"]}, "device-position": [{"parser": "Built-in Files/Network Vendors/Arista/Arista Switch/dir [Arista Switch]", "variable": "dir_table"}, {"parser": "Built-in Files/Network Vendors/Arista/Arista Switch/dir flash [Arista Switch]", "variable": "flash_table"}, {"parser": "Built-in Files/Network Vendors/Arista/Arista Switch/dir [Arista Switch]", "variable": "free", "gb": true}, {"parser": "Built-in Files/Network Vendors/Arista/Arista Switch/dir [Arista Switch]", "variable": "total", "gb": true}]}}, {"feature-name": "interfaces", "op-cmds": ["show interface //done", "show interface status //done", "show interface switchport //done", "show interface transceiver //done", "show interfaces status errdisabled Err-disabled //done", "show interface trunk //done", "show ip interface brief //done", "show ip interface //done", "show hardware port-group", "show flow-control interface", "show poe interface", "show lacp", "show port-channel"], "dvt": {"node-type": "Legacy Device", "filter-criteria": {"device-type": ["Arista Switch"], "feature-name": ["interfaces"]}, "device-position": [{"parser": "Built-in Files/Network Vendors/Arista/Arista Switch/show interface [Arista Switch]", "variable": "intfs_table"}, {"parser": "Built-in Files/Network Vendors/Arista/Arista Switch/show interface status [Arista Switch]", "variable": "intf_status", "gb": true}], "interface-position": [{"interface-type": "IPv4 Interface", "position": [{"parser": "Built-in Files/Network Vendors/Arista/Arista Switch/show interface [Arista Switch]", "variable": "intfs_table.input_error", "gb": true}, {"parser": "Built-in Files/Network Vendors/Arista/Arista Switch/show interface [Arista Switch]", "variable": "intfs_table.crc", "gb": true}, {"parser": "Built-in Files/Network Vendors/Arista/Arista Switch/show interface [Arista Switch]", "variable": "intfs_table.output_error", "gb": true}, {"parser": "Built-in Files/Network Vendors/Arista/Arista Switch/show interface [Arista Switch]", "variable": "intfs_table.mtu", "gb": true}, {"parser": "Built-in Files/Network Vendors/Arista/Arista Switch/show interface status [Arista Switch]", "variable": "intf_status.status", "gb": true}]}, {"interface-type": "Interface", "position": [{"parser": "Built-in Files/Network Vendors/Arista/Arista Switch/show interface [Arista Switch]", "variable": "intfs_table.input_error", "gb": true}, {"parser": "Built-in Files/Network Vendors/Arista/Arista Switch/show interface [Arista Switch]", "variable": "intfs_table.crc", "gb": true}, {"parser": "Built-in Files/Network Vendors/Arista/Arista Switch/show interface [Arista Switch]", "variable": "intfs_table.output_error", "gb": true}, {"parser": "Built-in Files/Network Vendors/Arista/Arista Switch/show interface [Arista Switch]", "variable": "intfs_table.mtu", "gb": true}, {"parser": "Built-in Files/Network Vendors/Arista/Arista Switch/show interface status [Arista Switch]", "variable": "intf_status.status", "gb": true}]}]}}, {"feature-name": "inventory", "op-cmds": ["show inventory", "show version //done", "show module", "show platform"], "dvt": {"node-type": "Legacy Device", "filter-criteria": {"device-type": ["Arista Switch"], "feature-name": ["inventory"]}, "device-position": [{"parser": "Built-in Files/Network Vendors/Arista/Arista Switch/show version [Arista Switch]", "variable": "serial_number", "gb": true}, {"parser": "Built-in Files/Network Vendors/Arista/Arista Switch/show version [Arista Switch]", "variable": "software_image_version", "gb": true}, {"parser": "Built-in Files/Network Vendors/Arista/Arista Switch/show version [Arista Switch]", "variable": "uptime"}, {"parser": "Built-in Files/Network Vendors/Arista/Arista Switch/show version [Arista Switch]", "variable": "free_memory"}]}}, {"feature-name": "ntp", "op-cmds": ["show ntp", "show ptp"], "patterns-to-match": [{"patterns": [{"regex": "^ntp server .+"}, {"regex": "^ptp .+"}]}, {"patterns": [{"regex": "^ntp server .+"}, {"mregex": "^interface .+ ptp .+"}]}]}, {"feature-name": "aaa", "op-cmds": ["show tacacs //done", "show radius", "show aaa", "show users"], "patterns-to-match": [{"patterns": [{"mregex": "^tacacs-server .+"}, {"regex": "^aaa group .+"}]}, {"patterns": [{"mregex": "^tacacs-server .+"}, {"mregex": "^aaa authentication .+"}]}], "dvt": {"node-type": "Legacy Device", "filter-criteria": {"device-type": ["Arista Switch"], "feature-name": ["aaa"]}, "device-position": [{"parser": "Built-in Files/Network Vendors/Arista/Arista Switch/show tacacs [Arista Switch]", "variable": "tacacs_server_table", "gb": true}]}}, {"feature-name": "ipsec-vpn", "op-cmds": ["show ip security"], "patterns-to-match": [{"patterns": [{"regex": "^ip security"}]}]}, {"feature-name": "spanning-tree", "op-cmds": ["show spanning-tree //done", "show spanning-tree mst configuration //done"], "patterns-to-match": [{"patterns": [{"mregex": "^spanning-tree mode .+ priority .+ mst .+ vlan-id .+"}, {"mregex": "^interface .+ spanning-tree .+"}]}], "dvt": {"node-type": "Legacy Device", "filter-criteria": {"device-type": ["Arista Switch"], "feature-name": ["spanning-tree"]}, "device-position": [{"parser": "Built-in Files/Network Vendors/Arista/Arista Switch/show spanning-tree mst configuration [Arista Switch]", "variable": "mst_instances", "gb": true}, {"parser": "Built-in Files/Network Vendors/Arista/Arista Switch/show spanning-tree [Arista Switch]", "variable": "bridge_info", "gb": true}, {"parser": "Built-in Files/Network Vendors/Arista/Arista Switch/show spanning-tree [Arista Switch]", "variable": "spanning_tree_intfs", "gb": true}, {"parser": "Built-in Files/Network Vendors/Arista/Arista Switch/show spanning-tree [Arista Switch]", "variable": "root_intfo", "gb": true}], "interface-position": [{"interface-type": "Interface", "position": [{"parser": "Built-in Files/Network Vendors/Arista/Arista Switch/show spanning-tree [Arista Switch]", "variable": "spanning_tree_intfs.role"}, {"parser": "Built-in Files/Network Vendors/Arista/Arista Switch/show spanning-tree [Arista Switch]", "variable": "spanning_tree_intfs.state"}, {"parser": "Built-in Files/Network Vendors/Arista/Arista Switch/show spanning-tree [Arista Switch]", "variable": "spanning_tree_intfs.cost"}, {"parser": "Built-in Files/Network Vendors/Arista/Arista Switch/show spanning-tree [Arista Switch]", "variable": "spanning_tree_intfs.instance_id"}]}]}}, {"feature-name": "nat", "op-cmds": ["show ip nat"], "patterns-to-match": [{"patterns": [{"mregex": "^interface .+ ip nat source .+"}, {"mregex": "^interface .+ ip nat destination .+"}]}, {"patterns": [{"mregex": "^interface .+ ip nat source .+"}, {"mregex": "^ip nat translation .+"}]}]}, {"feature-name": "vrrp", "op-cmds": ["show vrrp"], "patterns-to-match": [{"patterns": [{"mregex": "^interface .+ vrrp .+"}]}]}, {"feature-name": "ipv6", "op-cmds": ["show ipv6", "show rib route ipv6"], "patterns-to-match": [{"patterns": [{"regex": "^ipv6 unicast-routing"}]}]}, {"feature-name": "mlag", "op-cmds": ["show mlag", "show vlan //done", "show spanning-tree"], "patterns-to-match": [{"patterns": [{"regex": "^mlag configuration"}, {"mregex": "^interface .+ mlag"}]}]}, {"feature-name": "bgp", "op-cmds": ["show ip bgp", "show ip bgp neighbors //done", "show ip bgp summary //done", "show bgp", "show ipv6 bgp", "show ip community-list", "show ip extcommunity-list", "show route-map", "show ip prefix-list"], "patterns-to-match": [{"patterns": [{"regex": "^router bgp"}]}], "dvt": {"node-type": "Legacy Device", "filter-criteria": {"device-type": ["Arista Switch"], "feature-name": ["bgp"]}, "device-position": [{"parser": "Built-in Files/Network Vendors/Arista/Arista Switch/show ip bgp summary [Arista Switch]", "variable": "rid", "gb": true}, {"parser": "Built-in Files/Network Vendors/Arista/Arista Switch/show ip bgp summary [Arista Switch]", "variable": "local_as", "gb": true}, {"parser": "Built-in Files/Network Vendors/Arista/Arista Switch/show ip bgp neighbors [Arista Switch]", "variable": "bgp_nbrs", "gb": true}, {"parser": "Built-in Files/Network Vendors/Arista/Arista Switch/show ip bgp summary [Arista Switch]", "variable": "bgp_nbr", "gb": true}]}}, {"feature-name": "ospf", "op-cmds": ["show ip ospf //done", "show ip ospf neighbor //done", "show ip ospf neighbor detail //done", "show ip ospf interface //done", "show ip ospf database database-summary //done"], "patterns-to-match": [{"patterns": [{"regex": "^router ospf"}]}], "dvt": {"node-type": "Legacy Device", "filter-criteria": {"device-type": ["Arista Switch"], "feature-name": ["ospf"]}, "device-position": [{"parser": "Built-in Files/Network Vendors/Arista/Arista Switch/show ip ospf [Arista Switch]", "variable": "ospf"}, {"parser": "Built-in Files/Network Vendors/Arista/Arista Switch/show ip ospf database database-summary [Arista Switch]", "variable": "ospf_database_summ_lsa_eos"}, {"parser": "Built-in Files/Network Vendors/Arista/Arista Switch/show ip ospf neighbor [Arista Switch]", "variable": "ospf_nbrs", "gb": true}, {"parser": "Built-in Files/Network Vendors/Arista/Arista Switch/show ip ospf interface [Arista Switch]", "variable": "ospf_intfs", "gb": true}], "interface-position": [{"interface-type": "IPv4 Interface", "position": [{"parser": "Built-in Files/Network Vendors/Arista/Arista Switch/show ip ospf interface [Arista Switch]", "variable": "ospf_intfs.area_id", "gb": true}, {"parser": "Built-in Files/Network Vendors/Arista/Arista Switch/show ip ospf interface [Arista Switch]", "variable": "ospf_intfs.network_type", "gb": true}, {"parser": "Built-in Files/Network Vendors/Arista/Arista Switch/show ip ospf interface [Arista Switch]", "variable": "ospf_intfs.cost", "gb": true}, {"parser": "Built-in Files/Network Vendors/Arista/Arista Switch/show ip ospf interface [Arista Switch]", "variable": "ospf_intfs.state", "gb": true}]}]}}, {"feature-name": "ospfv3", "op-cmds": ["show ipv6 ospf", "show ospfv3"], "patterns-to-match": [{"patterns": [{"regex": "^ipv6 router ospf"}]}, {"patterns": [{"regex": "^\\s+ospfv3"}]}]}, {"feature-name": "lldp", "op-cmds": ["show lldp"], "patterns-to-match": [{"patterns": [{"regex": "^lldp run"}]}], "configlets": ["lldp run\n!\ninterface \n  lldp transmit\n  lldp receive\n"]}, {"feature-name": "isis", "op-cmds": ["show isis interface //done", "show isis neighbors //done", "show isis neighbor detail //done", "show isis summary //done"], "patterns-to-match": [{"patterns": [{"regex": "^router isis"}]}]}, {"feature-name": "vlan", "op-cmds": ["show dot1q-tunnel", "show interfaces", "show pvlan mapping interfaces", "show vlan"], "patterns-to-match": [{"patterns": [{"regex": "^vlan"}]}, {"patterns": [{"mregex": "^interface.+\\s+switchport mode.+"}]}], "dvt": {"node-type": "Legacy Device", "filter-criteria": {"device-type": ["Arista Switch"], "feature-name": ["vlan"]}, "device-position": [{"parser": "Built-in Files/Network Vendors/Arista/Arista Switch/show vlan [Arista Switch]", "variable": "vlan_table", "gb": true}], "interface-position": [{"interface-type": "Interface", "position": [{"parser": "Built-in Files/Network Vendors/Arista/Arista Switch/show vlan [Arista Switch]", "variable": "vlan_table.name", "gb": true}, {"parser": "Built-in Files/Network Vendors/Arista/Arista Switch/show vlan [Arista Switch]", "variable": "vlan_table.status", "gb": true}]}]}}, {"feature-name": "vxlan", "op-cmds": ["show bgp evpn", "show ip bgp vrf", "show ip route vrf", "show ipv6 bgp vrf", "show ipv6 route vrf", "show service vxlan address-table", "show vrf leak flapping"], "patterns-to-match": [{"patterns": [{"regex": "^interface vxlan"}]}]}, {"feature-name": "vrf", "op-cmds": ["show routing-context vrf", "show vrf", "show ip"], "patterns-to-match": [{"patterns": [{"regex": "^vrf definition"}]}], "configlets": ["vrf definition\n  rd \n!\ninterface\n  vrf forwarding\n"]}, {"feature-name": "acl", "op-cmds": ["show ip access-lists", "show ipv6 access-lists", "show mac access-lists", "show platform", "show hardware tcam profile", "show platform fap acl tcam hw"], "patterns-to-match": [{"patterns": [{"regex": "^ip access-list.+"}]}, {"patterns": [{"regex": "^ipv6 access-list.+"}]}]}, {"feature-name": "qos", "op-cmds": ["show platform petra traffic-class", "show policy-map", "show policy-map interface", "show qos interfaces", "show qos interfaces trust", "show qos interfaces random-detect ecn", "show qos maps", "show qos profile", "show run|grep sharing", "show platform trident tcam shared vlan interface-class-id", "show platform trident tcam qos detail", "show qos profile summary", "show qos random-detect ecn", "show platform xp qos tcam hit"], "patterns-to-match": [{"patterns": [{"regex": "\\s+Qos trust"}]}, {"patterns": [{"regex": "\\s+Qos map"}]}, {"patterns": [{"regex": "\\s+Qos rewrite"}]}, {"patterns": [{"regex": "^policy-map"}]}, {"patterns": [{"regex": "^class-map"}]}]}, {"feature-name": "multicast", "op-cmds": ["show ip pim", "show ip mfib //done", "show multicast fib ipv4 //done", "show ip multicast boundary", "show ip mroute //done", "show ip mroute count //done", "show multicast fib ipv4", "show multicast fib ipv4 software", "show ip pim bsr", "show ip pim config-sanity", "show ip pim interface //done", "show ip pim interface detail //done", "show ip pim neighbor //done", "show ip pim protocol counters", "show ip pim register-source", "show ip pim rp", "show ip pim rp-candidate", "show ip pim rp-hash", "show ip pim upstream joins"], "patterns-to-match": [{"patterns": [{"regex": "(pim|multicast)"}]}], "dvt": {"node-type": "Legacy Device", "filter-criteria": {"device-type": ["Arista Switch"], "feature-name": ["multicast"]}, "device-position": [{"parser": "Built-in Files/Network Vendors/Arista/Arista Switch/show ip mroute count [Arista Switch]", "variable": "group_count", "gb": true}, {"parser": "Built-in Files/Network Vendors/Arista/Arista Switch/show ip mroute [Arista Switch]", "variable": "out_intfs", "gb": true}], "interface-position": [{"interface-type": "IPv4 Interface", "position": [{"parser": "Built-in Files/Network Vendors/Arista/Arista Switch/show ip mroute [Arista Switch]", "variable": "out_intfs.uptime", "gb": true}]}]}}, {"feature-name": "igmp", "op-cmds": ["show ip igmp snooping", "show ip igmp groups //done", "show ip igmp interface //done", "show ip igmp snooping counters", "show igmp snooping querier", "show igmp snooping querier counters", "show igmp snooping querier membership"], "patterns-to-match": [{"patterns": [{"regex": "igmp"}]}], "dvt": {"node-type": "Legacy Device", "filter-criteria": {"device-type": ["Arista Switch"], "feature-name": ["igmp"]}, "device-position": [{"parser": "Built-in Files/Network Vendors/Arista/Arista Switch/show ip igmp groups [Arista Switch]", "variable": "igmp_groups", "gb": true}, {"parser": "Built-in Files/Network Vendors/Arista/Arista Switch/show ip igmp interface [Arista Switch]", "variable": "igmp_intfs", "gb": true}, {"parser": "Built-in Files/Network Vendors/Arista/Arista Switch/show ip igmp interface [Arista Switch]", "variable": "groups", "gb": true}], "interface-position": [{"interface-type": "IPv4 Interface", "position": [{"parser": "Built-in Files/Network Vendors/Arista/Arista Switch/show ip igmp interface [Arista Switch]", "variable": "igmp_intfs.state", "gb": true}, {"parser": "Built-in Files/Network Vendors/Arista/Arista Switch/show ip igmp interface [Arista Switch]", "variable": "igmp_intfs.igmp_router_version", "gb": true}, {"parser": "Built-in Files/Network Vendors/Arista/Arista Switch/show ip igmp interface [Arista Switch]", "variable": "igmp_intfs.igmp_querying_router", "gb": true}, {"parser": "Built-in Files/Network Vendors/Arista/Arista Switch/show ip igmp interface [Arista Switch]", "variable": "igmp_intfs.igmp_query_interval", "gb": true}]}]}}]}