{"driver-list": ["Cisco PIX Firewall"], "feature-list": [{"feature-name": "inventory", "op-cmds": ["show version //done"], "dvt": {"node-type": "Legacy Device", "filter-criteria": {"device-type": ["Cisco PIX Firewall"], "feature-name": ["inventory"]}, "device-position": [{"parser": "Built-in Files/Network Vendors/Cisco/Cisco PIX Firewall/show version [Cisco PIX Firewall]", "variable": "device_up_time"}, {"parser": "Built-in Files/Network Vendors/Cisco/Cisco PIX Firewall/show version [Cisco PIX Firewall]", "variable": "last_modified_date"}, {"parser": "Built-in Files/Network Vendors/Cisco/Cisco PIX Firewall/show version [Cisco PIX Firewall]", "variable": "license_type"}, {"parser": "Built-in Files/Network Vendors/Cisco/Cisco PIX Firewall/show version [Cisco PIX Firewall]", "variable": "licensed_feature", "gb": true}], "interface-position": [{"interface-type": "IPv4 Interface", "position": [{"parser": "Built-in Files/Network Vendors/Cisco/Cisco PIX Firewall/show version [Cisco PIX Firewall]", "variable": "interface_para.interface_addr"}]}]}}, {"feature-name": "general", "op-cmds": ["show cpu usage //done", "show flash //done", "show memory //done"], "dvt": {"node-type": "Legacy Device", "filter-criteria": {"device-type": ["Cisco PIX Firewall"], "feature-name": ["general"]}, "device-position": [{"parser": "Built-in Files/Network Vendors/Cisco/Cisco PIX Firewall/show cpu usage [Cisco PIX Firewall]", "variable": "five_minutes_cpu_usage"}, {"parser": "Built-in Files/Network Vendors/Cisco/Cisco PIX Firewall/show memory [Cisco PIX Firewall]", "variable": "free_memory"}, {"parser": "Built-in Files/Network Vendors/Cisco/Cisco PIX Firewall/show memory [Cisco PIX Firewall]", "variable": "total_memory"}, {"parser": "Built-in Files/Network Vendors/Cisco/Cisco PIX Firewall/show flash [Cisco PIX Firewall]", "variable": "file_table"}]}}, {"feature-name": "ospf", "patterns-to-match": [{"patterns": [{"regex": "^router ospf"}]}], "op-cmds": ["show ospf //done", "show ospf database database-summary //done", "show ospf interface //done", "show ospf neighbor //done", "show ospf neighbor detail //done"], "dvt": {"node-type": "Legacy Device", "filter-criteria": {"device-type": ["Cisco PIX Firewall"], "feature-name": ["ospf"]}, "device-position": [{"parser": "Built-in Files/Network Vendors/Cisco/Cisco PIX Firewall/show ospf [Cisco PIX Firewall]", "variable": "ospf_process_table"}, {"parser": "Built-in Files/Network Vendors/Cisco/Cisco PIX Firewall/show ospf [Cisco PIX Firewall]", "variable": "area_table", "gb": true}, {"parser": "Built-in Files/Network Vendors/Cisco/Cisco PIX Firewall/show ospf interface [Cisco PIX Firewall]", "variable": "ospf_interface_table", "gb": true}, {"parser": "Built-in Files/Network Vendors/Cisco/Cisco PIX Firewall/show ospf neighbor detail [Cisco PIX Firewall]", "variable": "ospf_neighbor_detail_table", "gb": true}], "interface-position": [{"interface-type": "IPv4 Interface", "position": [{"parser": "Built-in Files/Network Vendors/Cisco/Cisco PIX Firewall/show ospf neighbor detail [Cisco PIX Firewall]", "variable": "ospf_neighbor_detail_table.area_id"}, {"parser": "Built-in Files/Network Vendors/Cisco/Cisco PIX Firewall/show ospf neighbor detail [Cisco PIX Firewall]", "variable": "ospf_neighbor_detail_table.neighbor_state", "gb": true}, {"parser": "Built-in Files/Network Vendors/Cisco/Cisco PIX Firewall/show ospf neighbor detail [Cisco PIX Firewall]", "variable": "ospf_neighbor_detail_table.neighbor_up_time"}, {"parser": "Built-in Files/Network Vendors/Cisco/Cisco PIX Firewall/show ospf neighbor detail [Cisco PIX Firewall]", "variable": "ospf_neighbor_detail_table.neighbor_state_change_count", "gb": true}]}]}}, {"feature-name": "multicast", "patterns-to-match": [{"patterns": [{"regex": "^multicast-routing"}]}], "op-cmds": ["show igmp //done", "show mroute //done"]}, {"feature-name": "interface", "op-cmds": ["show interface //done", "show ip address //done"], "dvt": {"node-type": "Legacy Device", "filter-criteria": {"device-type": ["Cisco PIX Firewall"], "feature-name": ["interface"]}, "device-position": [{"parser": "Built-in Files/Network Vendors/Cisco/Cisco PIX Firewall/show interface [Cisco PIX Firewall]", "variable": "intf_table", "gb": true}], "interface-position": [{"interface-type": "IPv4 Interface", "position": [{"parser": "Built-in Files/Network Vendors/Cisco/Cisco PIX Firewall/show interface [Cisco PIX Firewall]", "variable": "intf_table.status", "gb": true}, {"parser": "Built-in Files/Network Vendors/Cisco/Cisco PIX Firewall/show interface [Cisco PIX Firewall]", "variable": "intf_table.mtu"}, {"parser": "Built-in Files/Network Vendors/Cisco/Cisco PIX Firewall/show interface [Cisco PIX Firewall]", "variable": "intf_table.input_errors", "gb": true}, {"parser": "Built-in Files/Network Vendors/Cisco/Cisco PIX Firewall/show interface [Cisco PIX Firewall]", "variable": "intf_table.output_errors", "gb": true}]}]}}, {"feature-name": "ipsec-vpn", "patterns-to-match": [{"patterns": [{"regex": "^crypto ipsec transform-set"}]}], "op-cmds": ["show crypto ipsec sa //done"]}, {"feature-name": "ha", "patterns-to-match": [{"patterns": [{"regex": "^failover"}]}], "op-cmds": ["show failover //done"], "dvt": {"node-type": "Legacy Device", "filter-criteria": {"device-type": ["Cisco PIX Firewall"], "feature-name": ["ha"]}, "device-position": [{"parser": "Built-in Files/Network Vendors/Cisco/Cisco PIX Firewall/show failover [Cisco PIX Firewall]", "variable": "failover_status", "gb": true}, {"parser": "Built-in Files/Network Vendors/Cisco/Cisco PIX Firewall/show failover [Cisco PIX Firewall]", "variable": "last_failover", "gb": true}, {"parser": "Built-in Files/Network Vendors/Cisco/Cisco PIX Firewall/show failover [Cisco PIX Firewall]", "variable": "host_info"}, {"parser": "Built-in Files/Network Vendors/Cisco/Cisco PIX Firewall/show failover [Cisco PIX Firewall]", "variable": "state_failover_table", "gb": true}]}}]}