{"driver-list": ["Cisco Catalyst Switch"], "feature-list": [{"feature-name": "general", "op-cmds": ["show flash //done", "show memory //done", "show module //done", "show top //done", "show version //done", "show vlan //done"]}, {"feature-name": "igmp", "patterns-to-match": [{"patterns": [{"regex": "ip igmp snooping"}]}], "op-cmds": ["show ip igmp membership all //done", "show ip igmp snooping groups //done"], "dvt": {"node-type": "Legacy Device", "filter-criteria": {"device-type": ["Cisco Catalyst Switch"], "feature-name": ["igmp"]}, "device-position": [{"parser": "Built-in Files/Network Vendors/Cisco/Cisco Catalyst Switch/show ip igmp membership all [Cisco Catalyst Switch]", "variable": "out_intfs", "gb": true}, {"parser": "Built-in Files/Network Vendors/Cisco/Cisco Catalyst Switch/show ip igmp snooping groups [Cisco Catalyst Switch]", "variable": "igmp_table", "gb": true}]}}, {"feature-name": "interface", "op-cmds": ["show trunk //done", "show interface //done", "show port status //done"], "dvt": {"node-type": "Legacy Device", "filter-criteria": {"device-type": ["Cisco Catalyst Switch"], "feature-name": ["interface"]}, "device-position": [{"parser": "Built-in Files/Network Vendors/Cisco/Cisco Catalyst Switch/show interface [Cisco Catalyst Switch]", "variable": "intfs_table", "gb": true}, {"parser": "Built-in Files/Network Vendors/Cisco/Cisco Catalyst Switch/show port status [Cisco Catalyst Switch]", "variable": "port_status", "gb": true}, {"parser": "Built-in Files/Network Vendors/Cisco/Cisco Catalyst Switch/show trunk [Cisco Catalyst Switch]", "variable": "intf_trunks", "gb": true}], "interface-position": [{"interface-type": "Interface", "position": [{"parser": "Built-in Files/Network Vendors/Cisco/Cisco Catalyst Switch/show interface [Cisco Catalyst Switch]", "variable": "intfs_table.ipaddr"}, {"parser": "Built-in Files/Network Vendors/Cisco/Cisco Catalyst Switch/show interface [Cisco Catalyst Switch]", "variable": "intfs_table.subnet"}, {"parser": "Built-in Files/Network Vendors/Cisco/Cisco Catalyst Switch/show interface [Cisco Catalyst Switch]", "variable": "intfs_table.slip_addr"}, {"parser": "Built-in Files/Network Vendors/Cisco/Cisco Catalyst Switch/show interface [Cisco Catalyst Switch]", "variable": "intfs_table.state", "gb": true}, {"parser": "Built-in Files/Network Vendors/Cisco/Cisco Catalyst Switch/show interface [Cisco Catalyst Switch]", "variable": "intfs_table.vlan", "gb": true}, {"parser": "Built-in Files/Network Vendors/Cisco/Cisco Catalyst Switch/show interface [Cisco Catalyst Switch]", "variable": "intfs_table.type"}]}]}}, {"feature-name": "mst", "patterns-to-match": [{"patterns": [{"regex": "spanning-tree mode mst"}]}], "op-cmds": ["show spantree mst config //done"]}, {"feature-name": "spanning-tree", "patterns-to-match": [{"patterns": [{"regex": "spanning-tree"}]}], "op-cmds": ["show spantree summary //done", "show spantree //done"], "dvt": {"node-type": "Legacy Device", "filter-criteria": {"device-type": ["Cisco Catalyst Switch"], "feature-name": ["spanning-tree"]}, "device-position": [{"parser": "Built-in Files/Network Vendors/Cisco/Cisco Catalyst Switch/show spantree [Cisco Catalyst Switch]", "variable": "spanning_tree_summary", "gb": true}, {"parser": "Built-in Files/Network Vendors/Cisco/Cisco Catalyst Switch/show spantree [Cisco Catalyst Switch]", "variable": "spanning_tree_intfs", "gb": true}]}}]}