{"driver-list": ["Cisco WLC"], "feature-list": [{"feature-name": "general", "op-cmds": ["show ap inventory all //done", "show client summary //done", "show dtls connections //done", "show redundancy summary //done", "show sysinfo //done", "show wlan summary //done", "show ap data-plane all //done", "show time //done", "show memory statistics //done", "show ap summary //done", "show cpu //done", "show inventory //done", "show wlan summary //done"], "dvt": {"node-type": "Legacy Device", "filter-criteria": {"device-type": ["Cisco WLC"], "feature-name": ["general"]}, "device-position": [{"parser": "Built-in Files/Network Vendors/Cisco/Cisco WLC/show wlan summary [Cisco WLC]", "variable": "number_of_WLANs", "gb": true}, {"parser": "Built-in Files/Network Vendors/Cisco/Cisco WLC/show wlan summary [Cisco WLC]", "variable": "WLAN_Summary"}, {"parser": "Built-in Files/Network Vendors/Cisco/Cisco WLC/show dtls connections [ Cisco WLC]", "variable": "license_ap_capacity"}, {"parser": "Built-in Files/Network Vendors/Cisco/Cisco WLC/show dtls connections [ Cisco WLC]", "variable": "dtls_connections", "gb": true}]}}, {"feature-name": "cdp", "patterns-to-match": [{"patterns": [{"regex": "cdp advertise-v2 enable"}]}], "configlets": ["cdp advertise-v2 enable"], "op-cmds": ["show ap cdp neighbors all //done", "show cdp entry all //done"], "dvt": {"node-type": "Legacy Device", "filter-criteria": {"device-type": ["Cisco WLC"], "feature-name": ["cdp"]}, "device-position": [{"parser": "Built-in Files/Network Vendors/Cisco/Cisco WLC/show ap cdp neighbors all [Cisco WLC]", "variable": "aps", "gb": true}, {"parser": "Built-in Files/Network Vendors/Cisco/Cisco WLC/show cdp entry all [Cisco WLC]", "variable": "devices", "gb": true}]}}, {"feature-name": "interface", "op-cmds": ["show port detailed-info //done", "show interface summary //done"]}, {"feature-name": "spanning-tree", "op-cmds": ["show spanningtree switch //done"]}]}