{"driver-list": ["Extreme Switch"], "feature-list": [{"feature-name": "general", "op-cmds": ["show version //done", "show licenses //done", "show accounts //done", "show session //done"], "dvt": {"node-type": "Legacy Device", "filter-criteria": {"device-type": ["Extreme Switch"], "feature-name": ["general"]}, "device-position": [{"parser": "Built-in Files/Network Vendors/Extreme/Extreme Switch/show version [Extreme Switch]", "variable": "serial", "gb": true}, {"parser": "Built-in Files/Network Vendors/Extreme/Extreme Switch/show licenses [Extreme Switch]", "variable": "license_table", "gb": true}, {"parser": "Built-in Files/Network Vendors/Extreme/Extreme Switch/show accounts [Extreme Switch]", "variable": "account_table"}, {"parser": "Built-in Files/Network Vendors/Extreme/Extreme Switch/show session [Extreme Switch]", "variable": "session_table", "gb": true}]}}, {"feature-name": "overall-health", "op-cmds": ["show cpu-monitoring //done", "show memory //done"]}, {"feature-name": "interface", "op-cmds": ["show ipconfig //done", "show ports no-refresh //done", "show ports statistics //done", "show ports transceiver information //done"], "dvt": {"node-type": "Legacy Device", "filter-criteria": {"device-type": ["Extreme Switch"], "feature-name": ["interface"]}, "device-position": [{"parser": "Built-in Files/Network Vendors/Extreme/Extreme Switch/show ipconfig [Extreme Switch]", "variable": "ip_table"}, {"parser": "Built-in Files/Network Vendors/Extreme/Extreme Switch/show ports no-refresh [Extreme Switch]", "variable": "port_state", "gb": true}, {"parser": "Built-in Files/Network Vendors/Extreme/Extreme Switch/show ports statistics [Extreme Switch]", "variable": "port_statis"}, {"parser": "Built-in Files/Network Vendors/Extreme/Extreme Switch/show ports transceiver information [Extreme Switch]", "variable": "ports_trans_info_table"}], "interface-position": [{"interface-type": "IPv4 Interface", "position": [{"parser": "Built-in Files/Network Vendors/Extreme/Extreme Switch/show ports no-refresh [Extreme Switch]", "variable": "port_state.speed"}, {"parser": "Built-in Files/Network Vendors/Extreme/Extreme Switch/show ports no-refresh [Extreme Switch]", "variable": "port_state.duplex"}, {"parser": "Built-in Files/Network Vendors/Extreme/Extreme Switch/show ports no-refresh [Extreme Switch]", "variable": "port_state.vlan"}, {"parser": "Built-in Files/Network Vendors/Extreme/Extreme Switch/show ports no-refresh [Extreme Switch]", "variable": "port_state.display"}]}]}}, {"feature-name": "vlan", "op-cmds": ["show vlan //done", "show vlan statistics", "show vlan security", "show vlan dhcp-config"]}, {"feature-name": "sflow", "patterns-to-match": [{"patterns": [{"mregex": "^sflow"}]}], "op-cmds": ["show sflow //done"]}, {"feature-name": "vrrp", "patterns-to-match": [{"patterns": [{"mregex": "vrrp-group \\d+"}]}], "op-cmds": ["show vrrp"]}, {"feature-name": "ntp", "patterns-to-match": [{"patterns": [{"regex": "^ntp"}]}], "op-cmds": ["show sntp-client"]}, {"feature-name": "aaa", "patterns-to-match": [{"patterns": [{"regex": "tacacs"}]}], "op-cmds": ["show tacacs //done"]}, {"feature-name": "snmp-agent", "patterns-to-match": [{"patterns": [{"regex": "^snmp-server"}]}], "op-cmds": ["show snmpv3 community", "show snmpv3 access", "show snmpv3 context", "show snmpv3 counters", "show snmpv3 group"]}, {"feature-name": "multicast", "patterns-to-match": [{"patterns": [{"regex": "ip pim"}]}], "op-cmds": ["show igmp //done", "show igmp group //done", "show pim //done", "show ipmroute //done"], "dvt": {"node-type": "Legacy Device", "filter-criteria": {"device-type": ["Extreme Switch"], "feature-name": ["multicast"]}, "device-position": [{"parser": "Built-in Files/Network Vendors/Extreme/Extreme Switch/show igmp [Extreme Switch]", "variable": "igmp_intf_table", "gb": true}, {"parser": "Built-in Files/Network Vendors/Extreme/Extreme Switch/show igmp group [Extreme Switch]", "variable": "igmp_table", "gb": true}, {"parser": "Built-in Files/Network Vendors/Extreme/Extreme Switch/show ipmroute [Extreme Switch]", "variable": "ipmroute_table"}], "interface-position": [{"interface-type": "IPv4 Interface", "position": [{"parser": "Built-in Files/Network Vendors/Extreme/Extreme Switch/show igmp [Extreme Switch]", "variable": "igmp_intf_table.vlan"}, {"parser": "Built-in Files/Network Vendors/Extreme/Extreme Switch/show igmp [Extreme Switch]", "variable": "igmp_intf_table.flags"}, {"parser": "Built-in Files/Network Vendors/Extreme/Extreme Switch/show igmp [Extreme Switch]", "variable": "igmp_intf_table.nlrma"}, {"parser": "Built-in Files/Network Vendors/Extreme/Extreme Switch/show igmp [Extreme Switch]", "variable": "igmp_intf_table.nlema"}]}]}}, {"feature-name": "lldp", "patterns-to-match": [{"patterns": [{"regex": "^protocol lldp"}]}], "op-cmds": ["show lldp", "show lldp statistics", "show lldp neighbors"]}, {"feature-name": "spanning-tree", "patterns-to-match": [{"patterns": [{"regex": "spanning-tree"}]}], "op-cmds": ["show stpd //done", "show stpd ports", "show vlan stpd"]}, {"feature-name": "routing-general", "op-cmds": ["show virtual-router", "show iproute"]}, {"feature-name": "ospfv2", "patterns-to-match": [{"patterns": [{"regex": "router ospf \\d+"}]}], "op-cmds": ["show ospf //done", "show ospf interface detail //done", "show ospf interfaces //done", "show ospf lsdb //done", "show ospf neighbor //done", "show ospf neighbor detail //done", "show ospf area", "show ospf area detail", "show ospf memory"], "dvt": {"node-type": "Legacy Device", "filter-criteria": {"device-type": ["Extreme Switch"], "feature-name": ["ospfv2"]}, "device-position": [{"parser": "Built-in Files/Network Vendors/Extreme/Extreme Switch/show ospf [Extreme Switch]", "variable": "ospf_table"}, {"parser": "Built-in Files/Network Vendors/Extreme/Extreme Switch/show ospf interfaces [Extreme Switch]", "variable": "ospf_intf_table", "gb": true}, {"parser": "Built-in Files/Network Vendors/Extreme/Extreme Switch/show ospf lsdb [Extreme Switch]", "variable": "router_lsa_table"}, {"parser": "Built-in Files/Network Vendors/Extreme/Extreme Switch/show ospf neighbor [Extreme Switch]", "variable": "ospf_nbrs", "gb": true}], "interface-position": [{"interface-type": "IPv4 Interface", "position": [{"parser": "Built-in Files/Network Vendors/Extreme/Extreme Switch/show ospf interfaces [Extreme Switch]", "variable": "ospf_intf_table.area_id"}, {"parser": "Built-in Files/Network Vendors/Extreme/Extreme Switch/show ospf interfaces [Extreme Switch]", "variable": "ospf_intf_table.cost"}, {"parser": "Built-in Files/Network Vendors/Extreme/Extreme Switch/show ospf interfaces [Extreme Switch]", "variable": "ospf_intf_table.state"}, {"parser": "Built-in Files/Network Vendors/Extreme/Extreme Switch/show ospf interfaces [Extreme Switch]", "variable": "ospf_intf_table.vlan"}]}]}}, {"feature-name": "ospfv3", "patterns-to-match": [{"patterns": [{"regex": "^ipv6 router ospf"}]}], "op-cmds": ["show ospfv3", "show ospfv3 interface detail", "show ospfv3 interfaces", "show ospfv3 lsdb", "show ospfv3 neighbor", "show ospfv3 neighbor detail", "show ospfv3 area"]}, {"feature-name": "isis", "patterns-to-match": [{"patterns": [{"regex": "router isis"}]}], "op-cmds": ["show isis lsdb stats//done", "show isis neighbors //done", "show isis topology //done", "show isis area", "show isis counter", "show isis vlan"], "dvt": {"node-type": "Legacy Device", "filter-criteria": {"device-type": ["Extreme Switch"], "feature-name": ["isis"]}, "device-position": [{"parser": "Built-in Files/Network Vendors/Extreme/Extreme Switch/show isis lsdb stats [Extreme Switch]", "variable": "level_info"}, {"parser": "Built-in Files/Network Vendors/Extreme/Extreme Switch/show isis neighbors [Extreme Switch]", "variable": "isis_nbrs_table", "gb": true}, {"parser": "Built-in Files/Network Vendors/Extreme/Extreme Switch/show isis topology [Extreme Switch]", "variable": "routers_info"}], "interface-position": [{"interface-type": "IPv4 Interface", "position": [{"parser": "Built-in Files/Network Vendors/Extreme/Extreme Switch/show isis neighbors [Extreme Switch]", "variable": "isis_nbrs_table.sys_id"}, {"parser": "Built-in Files/Network Vendors/Extreme/Extreme Switch/show isis neighbors [Extreme Switch]", "variable": "isis_nbrs_table.type"}, {"parser": "Built-in Files/Network Vendors/Extreme/Extreme Switch/show isis neighbors [Extreme Switch]", "variable": "isis_nbrs_table.intf"}, {"parser": "Built-in Files/Network Vendors/Extreme/Extreme Switch/show isis neighbors [Extreme Switch]", "variable": "isis_nbrs_table.circuit_id"}]}]}}, {"feature-name": "bgp", "patterns-to-match": [{"patterns": [{"regex": "^router bgp"}]}], "op-cmds": ["show bgp //done", "show bgp neighbor //done", "show bgp neighbor routes", "show bgp peer-group", "show bgp memory"], "dvt": {"node-type": "Legacy Device", "filter-criteria": {"device-type": ["Extreme Switch"], "feature-name": ["bgp"]}, "device-position": [{"parser": "Built-in Files/Network Vendors/Extreme/Extreme Switch/show bgp [Extreme Switch]", "variable": "route_statistics_table"}, {"parser": "Built-in Files/Network Vendors/Extreme/Extreme Switch/show bgp [Extreme Switch]", "variable": "router_id", "gb": true}, {"parser": "Built-in Files/Network Vendors/Extreme/Extreme Switch/show bgp [Extreme Switch]", "variable": "as", "gb": true}, {"parser": "Built-in Files/Network Vendors/Extreme/Extreme Switch/show bgp neighbor [Extreme Switch]", "variable": "bgp_nbr_table", "gb": true}]}}, {"feature-name": "acl", "patterns-to-match": [{"patterns": [{"regex": "ip access-group"}]}], "op-cmds": ["show access-list", "show access-list configuration", "show access-list counter", "show access-list interface", "show access-list dynamic", "show flow-redirect"]}]}