{"driver-list": ["Fortinet FortiGate Firewall"], "feature-list": [{"feature-name": "general", "op-cmds": ["get system performance//done", "get system status//done", "get system session status//done"], "dvt": {"node-type": "Legacy Device", "filter-criteria": {"device-type": ["Fortinet FortiGate Firewall"], "feature-name": ["general"]}, "device-position": [{"parser": "Built-in Files/Network Vendors/Fortinet/Fortigate/get system performance [Fortigate]", "variable": "system_performance"}, {"parser": "Built-in Files/Network Vendors/Fortinet/Fortigate/get system status [Fortigate]", "variable": "system_status"}, {"parser": "Built-in Files/Network Vendors/Fortinet/Fortigate/get system session status [Fortigate]", "variable": "total_vdom_sessions", "gb": true}], "interface-position": [{"interface-type": "IPv4 Interface", "position": [{"parser": "Built-in Files/Network Vendors/Fortinet/Fortigate/get system interface physical [Fortigate]", "variable": "interface_physical.mode"}, {"parser": "Built-in Files/Network Vendors/Fortinet/Fortigate/get system interface physical [Fortigate]", "variable": "interface_physical.status"}, {"parser": "Built-in Files/Network Vendors/Fortinet/Fortigate/get system interface physical [Fortigate]", "variable": "interface_physical.speed"}, {"parser": "Built-in Files/Network Vendors/Fortinet/Fortigate/get system interface physical [Fortigate]", "variable": "interface_physical.duplex"}]}]}}, {"feature-name": "interfaces", "op-cmds": ["get system interface physical//done"], "dvt": {"node-type": "Legacy Device", "filter-criteria": {"device-type": ["Fortinet FortiGate Firewall"], "feature-name": ["interfaces"]}, "device-position": [{"parser": "Built-in Files/Network Vendors/Fortinet/Fortigate/get system interface physical [Fortigate]", "variable": "interface_physical", "gb": true}], "interface-position": [{"interface-type": "IPv4 Interface", "position": [{"parser": "Built-in Files/Network Vendors/Fortinet/Fortigate/get system interface physical [Fortigate]", "variable": "interface_physical.mode"}, {"parser": "Built-in Files/Network Vendors/Fortinet/Fortigate/get system interface physical [Fortigate]", "variable": "interface_physical.status"}, {"parser": "Built-in Files/Network Vendors/Fortinet/Fortigate/get system interface physical [Fortigate]", "variable": "interface_physical.speed"}, {"parser": "Built-in Files/Network Vendors/Fortinet/Fortigate/get system interface physical [Fortigate]", "variable": "interface_physical.duplex"}]}]}}, {"feature-name": "ospf", "patterns-to-match": [{"patterns": [{"mregex": "config router ospf.+config area"}]}], "op-cmds": ["get router info ospf neighbor//done", "get router info ospf status//done", "get router info ospf virtual-links//done"], "dvt": {"node-type": "Legacy Device", "filter-criteria": {"device-type": ["Fortinet FortiGate Firewall"], "feature-name": ["ospf"]}, "device-position": [{"parser": "Built-in Files/Network Vendors/Fortinet/Fortigate/get router info ospf neighbor [Fortigate]", "variable": "ospf_neighbors", "gb": true}, {"parser": "Built-in Files/Network Vendors/Fortinet/Fortigate/get router info ospf status [Fortigate]", "variable": "ospf_areas"}, {"parser": "Built-in Files/Network Vendors/Fortinet/Fortigate/get router info ospf virtual-links [Fortigate]", "variable": "ospf_virtual_links"}], "interface-position": [{"interface-type": "IPv4 Interface", "position": [{"parser": "Built-in Files/Network Vendors/Fortinet/Fortigate/get router info ospf neighbor [Fortigate]", "variable": "ospf_neighbors.neighbor_id", "gb": true}, {"parser": "Built-in Files/Network Vendors/Fortinet/Fortigate/get router info ospf neighbor [Fortigate]", "variable": "ospf_neighbors.state", "gb": true}, {"parser": "Built-in Files/Network Vendors/Fortinet/Fortigate/get router info ospf neighbor [Fortigate]", "variable": "ospf_neighbors.address"}, {"parser": "Built-in Files/Network Vendors/Fortinet/Fortigate/get router info ospf neighbor [Fortigate]", "variable": "ospf_neighbors.interface", "gb": true}]}]}}, {"feature-name": "bgp", "patterns-to-match": [{"patterns": [{"mregex": "config router bgp.+set as"}]}], "op-cmds": ["get router info bgp summary//done", "get router bgp//done"], "dvt": {"node-type": "Legacy Device", "filter-criteria": {"device-type": ["Fortinet FortiGate Firewall"], "feature-name": ["bgp"]}, "device-position": [{"parser": "Built-in Files/Network Vendors/Fortinet/Fortigate/get router bgp [Fortigate]", "variable": "router_bgp"}, {"parser": "Built-in Files/Network Vendors/Fortinet/Fortigate/get router info bgp summary [Fortigate]", "variable": "bgp_summary", "gb": true}], "interface-position": [{"interface-type": "IPv4 Interface", "position": [{"parser": "Built-in Files/Network Vendors/Fortinet/Fortigate/get system interface physical [Fortigate]", "variable": "interface_physical.mode", "gb": true}, {"parser": "Built-in Files/Network Vendors/Fortinet/Fortigate/get system interface physical [Fortigate]", "variable": "interface_physical.status", "gb": true}, {"parser": "Built-in Files/Network Vendors/Fortinet/Fortigate/get system interface physical [Fortigate]", "variable": "interface_physical.speed", "gb": true}, {"parser": "Built-in Files/Network Vendors/Fortinet/Fortigate/get system interface physical [Fortigate]", "variable": "interface_physical.duplex", "gb": true}]}]}}, {"feature-name": "isis", "patterns-to-match": [{"patterns": [{"mregex": "config router isis.+config isis-interface"}]}], "op-cmds": ["get router info isis interface//done", "get router info isis neighbor//done"], "dvt": {"node-type": "Legacy Device", "filter-criteria": {"device-type": ["Fortinet FortiGate Firewall"], "feature-name": ["isis"]}, "device-position": [{"parser": "Built-in Files/Network Vendors/Fortinet/Fortigate/get router info isis interface [Fortigate]", "variable": "isis_interface", "gb": true}, {"parser": "Built-in Files/Network Vendors/Fortinet/Fortigate/get router info isis neighbor [Fortigate]", "variable": "isis_neighbors", "gb": true}], "interface-position": [{"interface-type": "IPv4 Interface", "position": [{"parser": "Built-in Files/Network Vendors/Fortinet/Fortigate/get router info isis interface [Fortigate]", "variable": "isis_interface.routing_protocol", "gb": true}, {"parser": "Built-in Files/Network Vendors/Fortinet/Fortigate/get router info isis interface [Fortigate]", "variable": "isis_interface.circuit_type", "gb": true}, {"parser": "Built-in Files/Network Vendors/Fortinet/Fortigate/get router info isis interface [Fortigate]", "variable": "isis_interface.level1_metric"}, {"parser": "Built-in Files/Network Vendors/Fortinet/Fortigate/get router info isis interface [Fortigate]", "variable": "isis_interface.level2_metric"}]}]}}, {"feature-name": "multicast", "patterns-to-match": [{"patterns": [{"mregex": "config router multicast.+config interface"}]}], "op-cmds": ["get router info multicast igmp groups//done", "get router info multicast igmp interface//done", "get router info multicast pim sparse-mode neighbour//done", "get router info multicast pim sparse-mode next-hop//done"], "dvt": {"node-type": "Legacy Device", "filter-criteria": {"device-type": ["Fortinet FortiGate Firewall"], "feature-name": ["multicast"]}, "device-position": [{"parser": "Built-in Files/Network Vendors/Fortinet/Fortigate/get router info multicast igmp groups [Fortigate]", "variable": "igmp_groups"}, {"parser": "Built-in Files/Network Vendors/Fortinet/Fortigate/get router info multicast igmp interface [Fortigate]", "variable": "igmp_interface", "gb": true}, {"parser": "Built-in Files/Network Vendors/Fortinet/Fortigate/get router info multicast pim sparse-mode neighbour [Fortigate]", "variable": "pim_neighbors", "gb": true}, {"parser": "Built-in Files/Network Vendors/Fortinet/Fortigate/get router info multicast pim sparse-mode next-hop [Fortigate]", "variable": "pim_nexthop"}], "interface-position": [{"interface-type": "IPv4 Interface", "position": [{"parser": "Built-in Files/Network Vendors/Fortinet/Fortigate/get router info multicast igmp interface [Fortigate]", "variable": "igmp_interface.igmp"}, {"parser": "Built-in Files/Network Vendors/Fortinet/Fortigate/get router info multicast igmp interface [Fortigate]", "variable": "igmp_interface.status", "gb": true}, {"parser": "Built-in Files/Network Vendors/Fortinet/Fortigate/get router info multicast pim sparse-mode neighbour [Fortigate]", "variable": "pim_neighbors.neighbor_address"}, {"parser": "Built-in Files/Network Vendors/Fortinet/Fortigate/get router info multicast pim sparse-mode neighbour [Fortigate]", "variable": "pim_neighbors.interface"}]}]}}, {"feature-name": "vrrp", "patterns-to-match": [{"patterns": [{"mregex": "config system interface.+config vrrp"}]}], "op-cmds": ["get router info vrrp//done"], "dvt": {"node-type": "Legacy Device", "filter-criteria": {"device-type": ["Fortinet FortiGate Firewall"], "feature-name": ["vrrp"]}, "device-position": [{"parser": "Built-in Files/Network Vendors/Fortinet/Fortigate/get router info vrrp [Fortigate]", "variable": "vrrp_info", "gb": true}], "interface-position": [{"interface-type": "IPv4 Interface", "position": [{"parser": "Built-in Files/Network Vendors/Fortinet/Fortigate/get router info vrrp [Fortigate]", "variable": "vrrp_info.vr_id", "gb": true}, {"parser": "Built-in Files/Network Vendors/Fortinet/Fortigate/get router info vrrp [Fortigate]", "variable": "vrrp_info.vrip", "gb": true}, {"parser": "Built-in Files/Network Vendors/Fortinet/Fortigate/get router info vrrp [Fortigate]", "variable": "vrrp_info.priority", "gb": true}, {"parser": "Built-in Files/Network Vendors/Fortinet/Fortigate/get router info vrrp [Fortigate]", "variable": "vrrp_info.state", "gb": true}]}]}}, {"feature-name": "ha", "patterns-to-match": [{"patterns": [{"mregex": "config system ha.+set mode"}]}], "op-cmds": ["get system ha status//done"], "dvt": {"node-type": "Legacy Device", "filter-criteria": {"device-type": ["Fortinet FortiGate Firewall"], "feature-name": ["ha"]}, "device-position": [{"parser": "Built-in Files/Network Vendors/Fortinet/Fortigate/get system ha status [Fortigate]", "variable": "ha_status", "gb": true}, {"parser": "Built-in Files/Network Vendors/Fortinet/Fortigate/get system ha status [Fortigate]", "variable": "devices_status"}], "interface-position": [{"interface-type": "IPv4 Interface", "position": [{"parser": "Built-in Files/Network Vendors/Fortinet/Fortigate/get system interface physical [Fortigate]", "variable": "interface_physical.mode"}, {"parser": "Built-in Files/Network Vendors/Fortinet/Fortigate/get system interface physical [Fortigate]", "variable": "interface_physical.status"}, {"parser": "Built-in Files/Network Vendors/Fortinet/Fortigate/get system interface physical [Fortigate]", "variable": "interface_physical.speed"}, {"parser": "Built-in Files/Network Vendors/Fortinet/Fortigate/get system interface physical [Fortigate]", "variable": "interface_physical.duplex"}]}]}}]}