{"driver-list": ["HP ProCurve Switch"], "feature-list": [{"feature-name": "inventory", "op-cmds": ["show version //done"], "dvt": {"node-type": "Legacy Device", "filter-criteria": {"device-type": ["HP ProCurve Switch"], "feature-name": ["inventory"]}, "device-position": [{"parser": "Built-in Files/Network Vendors/HP/HP ProCurve Switch/show version [HP ProCurve Switch]", "variable": "image_time"}, {"parser": "Built-in Files/Network Vendors/HP/HP ProCurve Switch/show version [HP ProCurve Switch]", "variable": "image_version"}, {"parser": "Built-in Files/Network Vendors/HP/HP ProCurve Switch/show version [HP ProCurve Switch]", "variable": "boot_image", "gb": true}, {"parser": "Built-in Files/Network Vendors/HP/HP ProCurve Switch/show version [HP ProCurve Switch]", "variable": "watchdog"}]}}, {"feature-name": "general", "op-cmds": ["show system-information //done"]}, {"feature-name": "gvrp", "patterns-to-match": [{"patterns": [{"regex": "gvrp"}]}], "op-cmds": ["show gvrp //done"]}, {"feature-name": "sntp", "patterns-to-match": [{"patterns": [{"regex": "timesync sntp"}]}], "op-cmds": ["show sntp //done"]}, {"feature-name": "interface", "op-cmds": ["show interfaces //done", "show interfaces brief //done", "show ip //done"], "dvt": {"node-type": "Legacy Device", "filter-criteria": {"device-type": ["HP ProCurve Switch"], "feature-name": ["interface"]}, "device-position": [{"parser": "Built-in Files/Network Vendors/HP/HP ProCurve Switch/show ip [HP ProCurve Switch]", "variable": "default_gateway"}, {"parser": "Built-in Files/Network Vendors/HP/HP ProCurve Switch/show ip [HP ProCurve Switch]", "variable": "ip_table"}, {"parser": "Built-in Files/Network Vendors/HP/HP ProCurve Switch/show interfaces [HP ProCurve Switch]", "variable": "intf_table", "gb": true}, {"parser": "Built-in Files/Network Vendors/HP/HP ProCurve Switch/show interfaces brief [HP ProCurve Switch]", "variable": "intfbrief_table"}], "interface-position": [{"interface-type": "Interface", "position": [{"parser": "Built-in Files/Network Vendors/HP/HP ProCurve Switch/show interfaces [HP ProCurve Switch]", "variable": "intf_table.errors_rx", "gb": true}, {"parser": "Built-in Files/Network Vendors/HP/HP ProCurve Switch/show interfaces [HP ProCurve Switch]", "variable": "intf_table.drops_tx", "gb": true}, {"parser": "Built-in Files/Network Vendors/HP/HP ProCurve Switch/show interfaces brief [HP ProCurve Switch]", "variable": "intfbrief_table.status", "gb": true}, {"parser": "Built-in Files/Network Vendors/HP/HP ProCurve Switch/show interfaces brief [HP ProCurve Switch]", "variable": "intfbrief_table.mode"}]}]}}, {"feature-name": "vlan", "patterns-to-match": [{"patterns": [{"regex": "^vlan"}]}], "op-cmds": ["show trunks //done", "show vlans //done"], "dvt": {"node-type": "Legacy Device", "filter-criteria": {"device-type": ["HP ProCurve Switch"], "feature-name": ["vlan"]}, "device-position": [{"parser": "Built-in Files/Network Vendors/HP/HP ProCurve Switch/show vlans [HP ProCurve Switch]", "variable": "primary_vlan"}, {"parser": "Built-in Files/Network Vendors/HP/HP ProCurve Switch/show vlans [HP ProCurve Switch]", "variable": "management_vlan"}, {"parser": "Built-in Files/Network Vendors/HP/HP ProCurve Switch/show vlans [HP ProCurve Switch]", "variable": "maximum_vlans_to_support"}, {"parser": "Built-in Files/Network Vendors/HP/HP ProCurve Switch/show vlans [HP ProCurve Switch]", "variable": "vlans", "gb": true}], "interface-position": [{"interface-type": "Interface", "position": [{"parser": "Built-in Files/Network Vendors/HP/HP ProCurve Switch/show trunks [HP ProCurve Switch]", "variable": "trunk_table.name", "gb": true}, {"parser": "Built-in Files/Network Vendors/HP/HP ProCurve Switch/show trunks [HP ProCurve Switch]", "variable": "trunk_table.media_type"}, {"parser": "Built-in Files/Network Vendors/HP/HP ProCurve Switch/show trunks [HP ProCurve Switch]", "variable": "trunk_table.group"}, {"parser": "Built-in Files/Network Vendors/HP/HP ProCurve Switch/show trunks [HP ProCurve Switch]", "variable": "trunk_table.type", "gb": true}]}]}}, {"feature-name": "tacacs", "patterns-to-match": [{"patterns": [{"regex": "aaa authentication.*tacacs.*"}]}], "op-cmds": ["show tacacs //done"]}, {"feature-name": "spanning-tree", "patterns-to-match": [{"patterns": [{"regex": "spanning-tree"}]}], "op-cmds": ["show spanning-tree //done"], "dvt": {"node-type": "Legacy Device", "filter-criteria": {"device-type": ["HP ProCurve Switch"], "feature-name": ["spanning-tree"]}, "device-position": [{"parser": "Built-in Files/Network Vendors/HP/HP ProCurve Switch/show spanning-tree [HP ProCurve Switch]", "variable": "protocol_version"}, {"parser": "Built-in Files/Network Vendors/HP/HP ProCurve Switch/show spanning-tree [HP ProCurve Switch]", "variable": "topology_change_count"}, {"parser": "Built-in Files/Network Vendors/HP/HP ProCurve Switch/show spanning-tree [HP ProCurve Switch]", "variable": "time_since_last_change"}, {"parser": "Built-in Files/Network Vendors/HP/HP ProCurve Switch/show spanning-tree [HP ProCurve Switch]", "variable": "vlan_intfs", "gb": true}], "interface-position": [{"interface-type": "Interface", "position": [{"parser": "Built-in Files/Network Vendors/HP/HP ProCurve Switch/show spanning-tree [HP ProCurve Switch]", "variable": "vlan_intfs.cost", "gb": true}, {"parser": "Built-in Files/Network Vendors/HP/HP ProCurve Switch/show spanning-tree [HP ProCurve Switch]", "variable": "vlan_intfs.priority", "gb": true}, {"parser": "Built-in Files/Network Vendors/HP/HP ProCurve Switch/show spanning-tree [HP ProCurve Switch]", "variable": "vlan_intfs.state", "gb": true}, {"parser": "Built-in Files/Network Vendors/HP/HP ProCurve Switch/show spanning-tree [HP ProCurve Switch]", "variable": "vlan_intfs.designated_bridge"}]}]}}]}