{"driver-list": ["Alcatel Lucent Service Router"], "feature-list": [{"feature-name": "general", "op-cmds": ["show system connections", "show system connections detail", "show system information", "show system memory-pools//done", "show system time", "show system cpu//done", "show system license//done", "show time", "show uptime", "show port//done", "show port detail//done", "show router status//done", "show card//done", "show users//done", "show version//done", "show mda//done"], "dvt": {"node-type": "Legacy Device", "filter-criteria": {"device-type": ["Alcatel Lucent Service Router"]}, "device-position": [{"parser": "Built-in Files/Network Vendors/Nokia/Nokia SROS/show card [Nokia SROS]", "variable": "card_summary"}, {"parser": "Built-in Files/Network Vendors/Nokia/Nokia SROS/show mda [Nokia SROS]", "variable": "MDA_Summary"}, {"parser": "Built-in Files/Network Vendors/Nokia/Nokia SROS/show users [Nokia SROS]", "variable": "User_Table"}, {"parser": "Built-in Files/Network Vendors/Nokia/Nokia SROS/show port [Nokia SROS]", "variable": "port_detail"}]}}, {"feature-name": "ospf", "patterns-to-match": [{"patterns": [{"regex": "echo \"OSPFv2"}]}], "op-cmds": ["show router ospf capabilities", "show router ospf neighbor//done", "show router ospf neighbor detail//done", "show router ospf opaque-database//done", "show router ospf prefix-sids", "show router ospf routes", "show router ospf routes alternative", "show router ospf routes alternative detail", "show router ospf spf", "show router ospf spf lfa", "show router ospf statistics", "show router ospf status", "show router ospf virtual-link detail", "show router ospf virtual-neighbor detail", "show router ospf database//done", "show router ospf interface//done", "show router ospf interface detail//done"], "dvt": {"node-type": "Legacy Device", "filter-criteria": {"device-type": ["Alcatel Lucent Service Router"], "feature-name": ["ospf"]}, "device-position": [{"parser": "Built-in Files/Network Vendors/Nokia/Nokia SROS/show router ospf neighbor [Nokia SROS]", "variable": "ospf_instance"}]}}, {"feature-name": "bgp", "patterns-to-match": [{"patterns": [{"regex": "echo \"BGP Configuration\""}]}], "op-cmds": ["show router bgp damping", "show router bgp damping detail", "show router bgp damping suppressed detail", "show router bgp group", "show router bgp group detail", "show router bgp neighbor//done", "show router bgp neighbor detail", "show router bgp next-hop", "show router bgp routes route-target", "show router bgp routes l2-vpn detail", "show router bgp routes family ipv4", "show router bgp routes mvpn-ipv4 type spmsi-ad detail", "show router bgp routes ms-pw", "show router bgp routes ipv4 detail", "show router bgp routes", "show router bgp paths//done", "show router bgp summary//done"], "dvt": {"node-type": "Legacy Device", "filter-criteria": {"device-type": ["Alcatel Lucent Service Router"], "feature-name": ["bgp"]}, "device-position": [{"parser": "Built-in Files/Network Vendors/Nokia/Nokia SROS/show router bgp neighbor [Nokia SROS]", "variable": "bgp_neighbors", "gb": true}, {"parser": "Built-in Files/Network Vendors/Nokia/Nokia SROS/show router bgp paths [Nokia SROS]", "variable": "bgppaths"}, {"parser": "Built-in Files/Network Vendors/Nokia/Nokia SROS/show router bgp summary [Nokia SROS]", "variable": "bgp_info"}], "interface-position": [{"interface-type": "IPv4 Interface", "position": [{"parser": "Built-in Files/Network Vendors/Nokia/Nokia SROS/show port [Nokia SROS]", "variable": "port_detail.port_state", "gb": true}, {"parser": "Built-in Files/Network Vendors/Nokia/Nokia SROS/show port [Nokia SROS]", "variable": "port_detail.oper_mtu", "gb": true}, {"parser": "Built-in Files/Network Vendors/Nokia/Nokia SROS/show port [Nokia SROS]", "variable": "port_detail.c_qs_s_xfp_mdimdx"}, {"parser": "Built-in Files/Network Vendors/Nokia/Nokia SROS/show port [Nokia SROS]", "variable": "port_detail.port_mode", "gb": true}]}]}}, {"feature-name": "isis", "patterns-to-match": [{"patterns": [{"regex": "ISIS"}]}], "op-cmds": ["show router isis adjacency//done", "show router isis adjacency detail//done", "show router isis database//done", "show router isis database detail", "show router isis hostname//done", "show router isis interface//done", "show router isis routes", "show router isis spf", "show router isis spf-log", "show router isis statistics//done", "show router isis status", "show router isis summary-address//done", "show router isis topology//done"], "dvt": {"node-type": "Legacy Device", "filter-criteria": {"device-type": ["Alcatel Lucent Service Router"], "feature-name": ["isis"]}, "device-position": [{"parser": "Built-in Files/Network Vendors/Nokia/Nokia SROS/show router isis adjacency [Nokia SROS]", "variable": "isis_adjacency", "gb": true}, {"parser": "Built-in Files/Network Vendors/Nokia/Nokia SROS/show router isis database [Nokia SROS]", "variable": "level_database_detail"}, {"parser": "Built-in Files/Network Vendors/Nokia/Nokia SROS/show router isis interface [Nokia SROS]", "variable": "isis_interface", "gb": true}, {"parser": "Built-in Files/Network Vendors/Nokia/Nokia SROS/show router isis statistics [Nokia SROS]", "variable": "isis_statistics"}], "interface-position": [{"interface-type": "IPv4 Interface", "position": [{"parser": "Built-in Files/Network Vendors/Nokia/Nokia SROS/show router isis interface [Nokia SROS]", "variable": "isis_interface.level", "gb": true}, {"parser": "Built-in Files/Network Vendors/Nokia/Nokia SROS/show router isis interface [Nokia SROS]", "variable": "isis_interface.circid"}, {"parser": "Built-in Files/Network Vendors/Nokia/Nokia SROS/show router isis interface [Nokia SROS]", "variable": "isis_interface.oper_state", "gb": true}, {"parser": "Built-in Files/Network Vendors/Nokia/Nokia SROS/show router isis interface [Nokia SROS]", "variable": "isis_interface.l1_l2_metric"}]}]}}, {"feature-name": "mpls", "patterns-to-match": [{"patterns": [{"regex": "echo \"MPLS Configuration\"|echo \"LDP Configuration\""}]}], "op-cmds": ["show router mpls auto-lsp", "show router mpls bypass-tunnel detail", "show router mpls interface//done", "show router mpls interface statistics", "show router mpls label-range", "show router mpls lsp detail", "show router mpls lsp path detail", "show router mpls lsp", "show router mpls lsp count", "show router mpls lsp transit", "show router mpls lsp terminate", "show router mpls lsp terminate detail", "show router mpls path", "show router mpls path lsp-binding", "show router mpls srlg-group", "show router mpls statistics-summary", "show router mpls status", "show router ldp discovery//done", "show router ldp interface//done"], "dvt": {"node-type": "Legacy Device", "filter-criteria": {"device-type": ["Alcatel Lucent Service Router"], "feature-name": ["mpls"]}, "device-position": [{"parser": "Built-in Files/Network Vendors/Nokia/Nokia SROS/show router mpls interface [Nokia SROS]", "variable": "mpls_interface", "gb": true}, {"parser": "Built-in Files/Network Vendors/Nokia/Nokia SROS/show router ldp interface [Nokia SROS]", "variable": "ldp_interface", "gb": true}, {"parser": "Built-in Files/Network Vendors/Nokia/Nokia SROS/show router ldp discovery [Nokia SROS]", "variable": "ldp_discovery", "gb": true}], "interface-position": [{"interface-type": "IPv4 Interface", "position": [{"parser": "Built-in Files/Network Vendors/Nokia/Nokia SROS/show router mpls interface [Nokia SROS]", "variable": "mpls_interface.port_id"}, {"parser": "Built-in Files/Network Vendors/Nokia/Nokia SROS/show router mpls interface [Nokia SROS]", "variable": "mpls_interface.te_metric", "gb": true}, {"parser": "Built-in Files/Network Vendors/Nokia/Nokia SROS/show router mpls interface [Nokia SROS]", "variable": "mpls_interface.admin_groups_port_id"}, {"parser": "Built-in Files/Network Vendors/Nokia/Nokia SROS/show router mpls interface [Nokia SROS]", "variable": "mpls_interface.srlg_groups_port_id"}]}]}}, {"feature-name": "ldp", "patterns-to-match": [{"patterns": [{"regex": "echo \"MPLS Configuration\"|echo \"LDP Configuration\""}]}], "op-cmds": ["show router ldp discovery//done", "show router ldp interface//done", "show router ldp peer//done", "show router ldp peer detail//done", "show router ldp bindings detail//done"], "dvt": {"node-type": "Legacy Device", "filter-criteria": {"device-type": ["Alcatel Lucent Service Router"], "feature-name": ["mpls"]}, "device-position": [{"parser": "Built-in Files/Network Vendors/Nokia/Nokia SROS/show router ldp interface [Nokia SROS]", "variable": "ldp_interface", "gb": true}, {"parser": "Built-in Files/Network Vendors/Nokia/Nokia SROS/show router ldp discovery [Nokia SROS]", "variable": "ldp_discovery", "gb": true}, {"parser": "Built-in Files/Network Vendors/Nokia/Nokia SROS/show router mpls interface [Nokia SROS]", "variable": "mpls_interface", "gb": true}], "interface-position": [{"interface-type": "IPv4 Interface", "position": [{"parser": "Built-in Files/Network Vendors/Nokia/Nokia SROS/show router ldp interface [Nokia SROS]", "variable": "ldp_interface.adm"}, {"parser": "Built-in Files/Network Vendors/Nokia/Nokia SROS/show router ldp interface [Nokia SROS]", "variable": "ldp_interface.opr"}, {"parser": "Built-in Files/Network Vendors/Nokia/Nokia SROS/show router ldp interface [Nokia SROS]", "variable": "ldp_interface.hello_factor"}, {"parser": "Built-in Files/Network Vendors/Nokia/Nokia SROS/show router ldp interface [Nokia SROS]", "variable": "ldp_interface.hold_time"}, {"parser": "Built-in Files/Network Vendors/Nokia/Nokia SROS/show router ldp interface [Nokia SROS]", "variable": "ldp_interface.ka_factor"}, {"parser": "Built-in Files/Network Vendors/Nokia/Nokia SROS/show router ldp interface [Nokia SROS]", "variable": "ldp_interface.ka_timeout"}, {"parser": "Built-in Files/Network Vendors/Nokia/Nokia SROS/show router ldp interface [Nokia SROS]", "variable": "ldp_interface.transport_address"}, {"parser": "Built-in Files/Network Vendors/Nokia/Nokia SROS/show router ldp discovery [Nokia SROS]", "variable": "ldp_discovery.adj_type", "gb": true}]}]}}, {"feature-name": "vpls", "patterns-to-match": [{"patterns": [{"mregex": "service.+vpls"}]}], "op-cmds": ["show service service-using//done"], "dvt": {"node-type": "Legacy Device", "filter-criteria": {"device-type": ["Alcatel Lucent Service Router"], "feature-name": ["vpls"]}, "device-position": [{"parser": "Built-in Files/Network Vendors/Nokia/Nokia SROS/show service service-using [Nokia SROS]", "variable": "service_table", "gb": true}]}}, {"feature-name": "vrrp", "patterns-to-match": [{"patterns": [{"regex": "echo \"Vrrp Configuration\""}]}], "op-cmds": ["show vrrp policy//done", "show router vrrp instance", "show router vrrp statistics//done"], "dvt": {"node-type": "Legacy Device", "filter-criteria": {"device-type": ["Alcatel Lucent Service Router"], "feature-name": ["vrrp"]}, "device-position": [{"parser": "Built-in Files/Network Vendors/Nokia/Nokia SROS/show router vrrp statistics [Nokia SROS]", "variable": "vrrp_statistics"}, {"parser": "Built-in Files/Network Vendors/Nokia/Nokia SROS/show vrrp policy [Nokia SROS]", "variable": "vrrp_policy", "gb": true}]}}, {"feature-name": "lldp", "patterns-to-match": [{"patterns": [{"regex": "lldp"}]}], "op-cmds": ["show system lldp neighbor"]}, {"feature-name": "ntp", "patterns-to-match": [{"patterns": [{"regex": "ntp"}]}], "op-cmds": ["show system ntp", "show system ntp all", "show system ntp detail", "show system ntp detail all"]}, {"feature-name": "multicast", "patterns-to-match": [{"patterns": [{"regex": "echo \"IGMP Configuration\"|echo \"PIM Configuration\""}]}], "op-cmds": ["show router igmp group//done", "show router igmp group summary//done", "show router igmp hosts//done", "show router igmp interface//done", "show router pim interface detail//done", "show router pim anycast//done", "show router pim crp//done", "show router pim group detail//done", "show router pim interface//done", "show router pim neighbor//done", "show router pim status//done"], "dvt": {"node-type": "Legacy Device", "filter-criteria": {"device-type": ["Alcatel Lucent Service Router"], "feature-name": ["multicast"]}, "device-position": [{"parser": "Built-in Files/Network Vendors/Nokia/Nokia SROS/show router igmp hosts [Nokia SROS]", "variable": "igmp_hosts"}, {"parser": "Built-in Files/Network Vendors/Nokia/Nokia SROS/show router igmp interface [Nokia SROS]", "variable": "igmp_interface", "gb": true}, {"parser": "Built-in Files/Network Vendors/Nokia/Nokia SROS/show router pim interface [Nokia SROS]", "variable": "pim_interfaces", "gb": true}, {"parser": "Built-in Files/Network Vendors/Nokia/Nokia SROS/show router pim neighbor [Nokia SROS]", "variable": "pim_neighbor", "gb": true}], "interface-position": [{"interface-type": "IPv4 Interface", "position": [{"parser": "Built-in Files/Network Vendors/Nokia/Nokia SROS/show router igmp interface [Nokia SROS]", "variable": "igmp_interface.querier"}, {"parser": "Built-in Files/Network Vendors/Nokia/Nokia SROS/show router igmp interface [Nokia SROS]", "variable": "igmp_interface.cfg_opr_version"}, {"parser": "Built-in Files/Network Vendors/Nokia/Nokia SROS/show router igmp interface [Nokia SROS]", "variable": "igmp_interface.num_groups", "gb": true}, {"parser": "Built-in Files/Network Vendors/Nokia/Nokia SROS/show router igmp interface [Nokia SROS]", "variable": "igmp_interface.policy"}]}]}}, {"feature-name": "interface", "op-cmds": ["show router interface//done", "show router interface detail//done"], "dvt": {"node-type": "Legacy Device", "filter-criteria": {"device-type": ["Alcatel Lucent Service Router"]}, "device-position": [{"parser": "Built-in Files/Network Vendors/Nokia/Nokia SROS/show router interface [Nokia SROS]", "variable": "router_interface", "gb": true}, {"parser": "Built-in Files/Network Vendors/Nokia/Nokia SROS/show router interface detail [Nokia SROS]", "variable": "router_interface_detail"}], "interface-position": [{"interface-type": "IPv4 Interface", "position": [{"parser": "Built-in Files/Network Vendors/Nokia/Nokia SROS/show router interface [Nokia SROS]", "variable": "router_interface.interface"}, {"parser": "Built-in Files/Network Vendors/Nokia/Nokia SROS/show router interface [Nokia SROS]", "variable": "router_interface.opr_v4_v6"}, {"parser": "Built-in Files/Network Vendors/Nokia/Nokia SROS/show router interface [Nokia SROS]", "variable": "router_interface.mode", "gb": true}, {"parser": "Built-in Files/Network Vendors/Nokia/Nokia SROS/show router interface [Nokia SROS]", "variable": "router_interface.port_sapid"}]}]}}, {"feature-name": "routing-general", "op-cmds": ["show router policy//done", "show router status//done"], "dvt": {"node-type": "Legacy Device", "filter-criteria": {"device-type": ["Alcatel Lucent Service Router"]}, "device-position": [{"parser": "Built-in Files/Network Vendors/Nokia/Nokia SROS/show router status [Nokia SROS]", "variable": "router_status_table", "gb": true}, {"parser": "Built-in Files/Network Vendors/Nokia/Nokia SROS/show router policy [Nokia SROS]", "variable": "router_policy", "gb": true}]}}, {"feature-name": "services", "patterns-to-match": [{"patterns": [{"mregex": "service.+sdp|vpls"}]}], "op-cmds": ["show service fdb-mac//done", "show service sap-using//done", "show service sdp-using//done", "show service fdb-info//done"], "dvt": {"node-type": "Legacy Device", "filter-criteria": {"device-type": ["Alcatel Lucent Service Router"], "feature-name": ["services"]}, "device-position": [{"parser": "Built-in Files/Network Vendors/Nokia/Nokia SROS/show service fdb-mac [Nokia SROS]", "variable": "number_of_mac_entries", "gb": true}, {"parser": "Built-in Files/Network Vendors/Nokia/Nokia SROS/show service sap-using [Nokia SROS]", "variable": "sap_services", "gb": true}, {"parser": "Built-in Files/Network Vendors/Nokia/Nokia SROS/show service sdp-using [Nokia SROS]", "variable": "sdp_services", "gb": true}, {"parser": "Built-in Files/Network Vendors/Nokia/Nokia SROS/show service fdb-info [Nokia SROS]", "variable": "forwarding_info", "gb": true}]}}, {"feature-name": "qos", "patterns-to-match": [{"patterns": [{"mregex": "qos.+sap-"}]}], "op-cmds": ["show qos sap-ingress//done", "show qos sap-egress//done", "show qos sap-ingress detail//done", "show qos sap-egress detail//done"], "dvt": {"node-type": "Legacy Device", "filter-criteria": {"device-type": ["Alcatel Lucent Service Router"], "feature-name": ["qos"]}, "device-position": [{"parser": "Built-in Files/Network Vendors/Nokia/Nokia SROS/show qos sap-ingress detail  [Nokia SROS]", "variable": "qos_sap_ingress_detail", "gb": true}, {"parser": "Built-in Files/Network Vendors/Nokia/Nokia SROS/show qos sap-egress detail [Nokia SROS]", "variable": "qos_sap_egress_detail", "gb": true}, {"parser": "Built-in Files/Network Vendors/Nokia/Nokia SROS/show qos sap-egress detail [Nokia SROS]", "variable": "egress_queue"}, {"parser": "Built-in Files/Network Vendors/Nokia/Nokia SROS/show qos sap-ingress detail  [Nokia SROS]", "variable": "ingress_queue"}, {"parser": "Built-in Files/Network Vendors/Nokia/Nokia SROS/show qos sap-ingress detail  [Nokia SROS]", "variable": "ingress_dscp_map"}]}}, {"feature-name": "rsvp", "patterns-to-match": [{"patterns": [{"regex": "rsvp"}]}], "op-cmds": ["show router rsvp interface//done"], "dvt": {"node-type": "Legacy Device", "filter-criteria": {"device-type": ["Alcatel Lucent Service Router"], "feature-name": ["rsvp"]}, "device-position": [{"parser": "Built-in Files/Network Vendors/Nokia/Nokia SROS/show router rsvp interface [Nokia SROS]", "variable": "rsvp_interfaces", "gb": true}, {"parser": "Built-in Files/Network Vendors/Nokia/Nokia SROS/show router mpls interface [Nokia SROS]", "variable": "mpls_interface", "gb": true}], "interface-position": [{"interface-type": "IPv4 Interface", "position": [{"parser": "Built-in Files/Network Vendors/Nokia/Nokia SROS/show router rsvp interface [Nokia SROS]", "variable": "rsvp_interfaces.opr", "gb": true}, {"parser": "Built-in Files/Network Vendors/Nokia/Nokia SROS/show router rsvp interface [Nokia SROS]", "variable": "rsvp_interfaces.resv_bw__mbps_"}, {"parser": "Built-in Files/Network Vendors/Nokia/Nokia SROS/show router rsvp interface [Nokia SROS]", "variable": "rsvp_interfaces.adm"}, {"parser": "Built-in Files/Network Vendors/Nokia/Nokia SROS/show router rsvp interface [Nokia SROS]", "variable": "rsvp_interfaces.total_sessions"}, {"parser": "Built-in Files/Network Vendors/Nokia/Nokia SROS/show router rsvp interface [Nokia SROS]", "variable": "rsvp_interfaces.total_bw__mbps_"}, {"parser": "Built-in Files/Network Vendors/Nokia/Nokia SROS/show router rsvp interface [Nokia SROS]", "variable": "rsvp_interfaces.active_sessions", "gb": true}]}]}}, {"feature-name": "bfd", "patterns-to-match": [{"patterns": [{"regex": "bfd"}]}], "op-cmds": ["show router bfd session//done"], "dvt": {"node-type": "Legacy Device", "filter-criteria": {"device-type": ["Alcatel Lucent Service Router"], "feature-name": ["bfd"]}, "device-position": [{"parser": "Built-in Files/Network Vendors/Nokia/Nokia SROS/show router bfd session [Nokia SROS]", "variable": "BFD_Sessions_Int", "gb": true}], "interface-position": [{"interface-type": "IPv4 Interface", "position": [{"parser": "Built-in Files/Network Vendors/Nokia/Nokia SROS/show router bfd session [Nokia SROS]", "variable": "BFD_Sessions_Int.bfd_tx_pkts"}, {"parser": "Built-in Files/Network Vendors/Nokia/Nokia SROS/show router bfd session [Nokia SROS]", "variable": "BFD_Sessions_Int.protocols"}, {"parser": "Built-in Files/Network Vendors/Nokia/Nokia SROS/show router bfd session [Nokia SROS]", "variable": "BFD_Sessions_Int.bfd_state", "gb": true}, {"parser": "Built-in Files/Network Vendors/Nokia/Nokia SROS/show router bfd session [Nokia SROS]", "variable": "BFD_Sessions_Int.bfd_multipl"}, {"parser": "Built-in Files/Network Vendors/Nokia/Nokia SROS/show router bfd session [Nokia SROS]", "variable": "BFD_Sessions_Int.bfd_rx_pkts"}, {"parser": "Built-in Files/Network Vendors/Nokia/Nokia SROS/show router bfd session [Nokia SROS]", "variable": "BFD_Sessions_Int.bfd_type"}]}]}}]}