{"driver-list": ["Riverbed WAN Optimizer"], "feature-list": [{"feature-name": "sessions", "op-cmds": ["show connections //done", "show flows //done", "show peers //done"], "dvt": {"node-type": "Legacy Device", "filter-criteria": {"device-type": ["Riverbed WAN Optimizer"]}, "device-position": [{"parser": "Built-in Files/Network Vendors/Riverbed/Riverbed WAN Optimizer/show connections [Riverbed WAN Optimizer]", "variable": "connections_tables", "gb": true}, {"parser": "Built-in Files/Network Vendors/Riverbed/Riverbed WAN Optimizer/show flows [Riverbed WAN Optimizer]", "variable": "flows_table", "gb": true}, {"parser": "Built-in Files/Network Vendors/Riverbed/Riverbed WAN Optimizer/show peers [Riverbed WAN Optimizer]", "variable": "peers_table", "gb": true}]}}, {"feature-name": "failover", "patterns-to-match": [{"patterns": [{"regex": "failover"}]}], "op-cmds": ["show failover //done", "show interfaces //done"], "dvt": {"node-type": "Legacy Device", "filter-criteria": {"device-type": ["Riverbed WAN Optimizer"], "feature-name": ["failover"]}, "device-position": [{"parser": "Built-in Files/Network Vendors/Riverbed/Riverbed WAN Optimizer/show failover [Riverbed WAN Optimizer]", "variable": "enable_state", "gb": true}, {"parser": "Built-in Files/Network Vendors/Riverbed/Riverbed WAN Optimizer/show failover [Riverbed WAN Optimizer]", "variable": "master_state", "gb": true}, {"parser": "Built-in Files/Network Vendors/Riverbed/Riverbed WAN Optimizer/show failover [Riverbed WAN Optimizer]", "variable": "failover_ip", "gb": true}, {"parser": "Built-in Files/Network Vendors/Riverbed/Riverbed WAN Optimizer/show interfaces [Riverbed WAN Optimizer]", "variable": "intf_table", "gb": true}]}}, {"feature-name": "inventory", "op-cmds": ["show image //done", "show licenses //done"], "dvt": {"node-type": "Legacy Device", "filter-criteria": {"device-type": ["Riverbed WAN Optimizer"]}, "device-position": [{"parser": "Built-in Files/Network Vendors/Riverbed/Riverbed WAN Optimizer/show image [Riverbed WAN Optimizer]", "variable": "image_table", "gb": true}, {"parser": "Built-in Files/Network Vendors/Riverbed/Riverbed WAN Optimizer/show licenses [Riverbed WAN Optimizer]", "variable": "license_table", "gb": true}]}}, {"feature-name": "ntp", "op-cmds": ["show ntp //done"], "dvt": {"node-type": "Legacy Device", "filter-criteria": {"device-type": ["Riverbed WAN Optimizer"]}, "device-position": [{"parser": "Built-in Files/Network Vendors/Riverbed/Riverbed WAN Optimizer/show ntp [Riverbed WAN Optimizer]", "variable": "ntp_server_table", "gb": true}, {"parser": "Built-in Files/Network Vendors/Riverbed/Riverbed WAN Optimizer/show ntp [Riverbed WAN Optimizer]", "variable": "ntp_enabled", "gb": true}]}}, {"feature-name": "general", "op-cmds": ["show stats cpu //done", "show stats memory //done", "show version //done"], "dvt": {"node-type": "Legacy Device", "filter-criteria": {"device-type": ["Riverbed WAN Optimizer"]}, "device-position": [{"parser": "Built-in Files/Network Vendors/Riverbed/Riverbed WAN Optimizer/show stats cpu [Riverbed WAN Optimizer]", "variable": "cpu_table"}, {"parser": "Built-in Files/Network Vendors/Riverbed/Riverbed WAN Optimizer/show version [Riverbed WAN Optimizer]", "variable": "uptime"}, {"parser": "Built-in Files/Network Vendors/Riverbed/Riverbed WAN Optimizer/show version [Riverbed WAN Optimizer]", "variable": "product_release", "gb": true}, {"parser": "Built-in Files/Network Vendors/Riverbed/Riverbed WAN Optimizer/show version [Riverbed WAN Optimizer]", "variable": "product_name", "gb": true}]}}]}